id,original_text,gold,system,output,semantic_group,reading_style,ambiguity_cluster,automatic_mismatch_type,manual_review_needed,note
cardinal_001,Số hồ sơ bị lỗi là 0.,Số hồ sơ bị lỗi là không.,current_rule,Số hồ sơ bị lỗi là không.,,,cluster_unknown,exact,False,
cardinal_001,Số hồ sơ bị lỗi là 0.,Số hồ sơ bị lỗi là không.,num2words_vi,Số hồ sơ bị lỗi là không.,,,cluster_unknown,exact,False,
cardinal_001,Số hồ sơ bị lỗi là 0.,Số hồ sơ bị lỗi là không.,vietnormalizer,số hồ sơ bị lỗi là không.,,,cluster_unknown,lexical_or_semantic_mismatch,True,
cardinal_001,Số hồ sơ bị lỗi là 0.,Số hồ sơ bị lỗi là không.,soe_vinorm,Số hồ sơ bị lỗi là không .,,,cluster_unknown,formatting_only,False,
cardinal_002,Tôi mua 1 quyển sách.,Tôi mua một quyển sách.,current_rule,Tôi mua một quyển sách.,,,cluster_unknown,exact,False,
cardinal_002,Tôi mua 1 quyển sách.,Tôi mua một quyển sách.,num2words_vi,Tôi mua một quyển sách.,,,cluster_unknown,exact,False,
cardinal_002,Tôi mua 1 quyển sách.,Tôi mua một quyển sách.,vietnormalizer,tôi mua một quyển sách.,,,cluster_unknown,lexical_or_semantic_mismatch,True,
cardinal_002,Tôi mua 1 quyển sách.,Tôi mua một quyển sách.,soe_vinorm,Tôi mua một quyển sách .,,,cluster_unknown,formatting_only,False,
cardinal_003,Bàn này có 4 chân.,Bàn này có bốn chân.,current_rule,Bàn này có bốn chân.,,,cluster_unknown,exact,False,
cardinal_003,Bàn này có 4 chân.,Bàn này có bốn chân.,num2words_vi,Bàn này có bốn chân.,,,cluster_unknown,exact,False,
cardinal_003,Bàn này có 4 chân.,Bàn này có bốn chân.,vietnormalizer,bàn này có bốn chân.,,,cluster_unknown,lexical_or_semantic_mismatch,True,
cardinal_003,Bàn này có 4 chân.,Bàn này có bốn chân.,soe_vinorm,Bàn này có bốn chân .,,,cluster_unknown,formatting_only,False,
cardinal_004,Nhóm có 5 thành viên.,Nhóm có năm thành viên.,current_rule,Nhóm có năm thành viên.,,,cluster_unknown,exact,False,
cardinal_004,Nhóm có 5 thành viên.,Nhóm có năm thành viên.,num2words_vi,Nhóm có năm thành viên.,,,cluster_unknown,exact,False,
cardinal_004,Nhóm có 5 thành viên.,Nhóm có năm thành viên.,vietnormalizer,nhóm có năm thành viên.,,,cluster_unknown,lexical_or_semantic_mismatch,True,
cardinal_004,Nhóm có 5 thành viên.,Nhóm có năm thành viên.,soe_vinorm,Nhóm có năm thành viên .,,,cluster_unknown,formatting_only,False,
cardinal_005,Tôi cần 10 chiếc hộp.,Tôi cần mười chiếc hộp.,current_rule,Tôi cần mười chiếc hộp.,,,cluster_unknown,exact,False,
cardinal_005,Tôi cần 10 chiếc hộp.,Tôi cần mười chiếc hộp.,num2words_vi,Tôi cần mười chiếc hộp.,,,cluster_unknown,exact,False,
cardinal_005,Tôi cần 10 chiếc hộp.,Tôi cần mười chiếc hộp.,vietnormalizer,tôi cần mười chiếc hộp.,,,cluster_unknown,lexical_or_semantic_mismatch,True,
cardinal_005,Tôi cần 10 chiếc hộp.,Tôi cần mười chiếc hộp.,soe_vinorm,Tôi cần mười chiếc hộp .,,,cluster_unknown,formatting_only,False,
cardinal_006,Lớp có 15 sinh viên.,Lớp có mười lăm sinh viên.,current_rule,Lớp có mười lăm sinh viên.,,,cluster_unknown,exact,False,
cardinal_006,Lớp có 15 sinh viên.,Lớp có mười lăm sinh viên.,num2words_vi,Lớp có mười lăm sinh viên.,,,cluster_unknown,exact,False,
cardinal_006,Lớp có 15 sinh viên.,Lớp có mười lăm sinh viên.,vietnormalizer,lớp có mười lăm sinh viên.,,,cluster_unknown,lexical_or_semantic_mismatch,True,
cardinal_006,Lớp có 15 sinh viên.,Lớp có mười lăm sinh viên.,soe_vinorm,Lớp có mười lăm sinh viên .,,,cluster_unknown,formatting_only,False,
cardinal_007,Cửa hàng còn 21 sản phẩm.,Cửa hàng còn hai mốt sản phẩm,current_rule,Cửa hàng còn hai mươi mốt sản phẩm.,,,cluster_unknown,lexical_or_semantic_mismatch,True,
cardinal_007,Cửa hàng còn 21 sản phẩm.,Cửa hàng còn hai mốt sản phẩm,num2words_vi,Cửa hàng còn hai mươi mốt sản phẩm.,,,cluster_unknown,lexical_or_semantic_mismatch,True,
cardinal_007,Cửa hàng còn 21 sản phẩm.,Cửa hàng còn hai mốt sản phẩm,vietnormalizer,cửa hàng còn hai mươi mốt sản phẩm.,,,cluster_unknown,lexical_or_semantic_mismatch,True,
cardinal_007,Cửa hàng còn 21 sản phẩm.,Cửa hàng còn hai mốt sản phẩm,soe_vinorm,Cửa hàng còn hai mươi mốt sản phẩm .,,,cluster_unknown,lexical_or_semantic_mismatch,True,
cardinal_008,Tôi đã đọc 24 trang.,Tôi đã đọc hai mươi tư trang.,current_rule,Tôi đã đọc hai mươi tư trang.,,,cluster_unknown,exact,False,
cardinal_008,Tôi đã đọc 24 trang.,Tôi đã đọc hai mươi tư trang.,num2words_vi,Tôi đã đọc hai mươi bốn trang.,,,cluster_unknown,lexical_or_semantic_mismatch,True,
cardinal_008,Tôi đã đọc 24 trang.,Tôi đã đọc hai mươi tư trang.,vietnormalizer,tôi đã đọc hai mươi tư trang.,,,cluster_unknown,lexical_or_semantic_mismatch,True,
cardinal_008,Tôi đã đọc 24 trang.,Tôi đã đọc hai mươi tư trang.,soe_vinorm,Tôi đã đọc hai mươi tư trang .,,,cluster_unknown,formatting_only,False,
cardinal_009,Đội có 25 người.,Đội có hai mươi lăm người.,current_rule,Đội có hai mươi lăm người.,,,cluster_unknown,exact,False,
cardinal_009,Đội có 25 người.,Đội có hai mươi lăm người.,num2words_vi,Đội có hai mươi lăm người.,,,cluster_unknown,exact,False,
cardinal_009,Đội có 25 người.,Đội có hai mươi lăm người.,vietnormalizer,đội có hai mươi lăm người.,,,cluster_unknown,lexical_or_semantic_mismatch,True,
cardinal_009,Đội có 25 người.,Đội có hai mươi lăm người.,soe_vinorm,Đội có hai mươi lăm người .,,,cluster_unknown,formatting_only,False,
cardinal_010,Thư viện nhận 101 cuốn sách.,Thư viện nhận một trăm linh mốt cuốn sách.,current_rule,Thư viện nhận một trăm linh một cuốn sách.,,,cluster_unknown,lexical_or_semantic_mismatch,True,
cardinal_010,Thư viện nhận 101 cuốn sách.,Thư viện nhận một trăm linh mốt cuốn sách.,num2words_vi,Thư viện nhận một trăm lẻ một cuốn sách.,,,cluster_unknown,lexical_or_semantic_mismatch,True,
cardinal_010,Thư viện nhận 101 cuốn sách.,Thư viện nhận một trăm linh mốt cuốn sách.,vietnormalizer,thư viện nhận một trăm lẻ một cuốn sách.,,,cluster_unknown,lexical_or_semantic_mismatch,True,
cardinal_010,Thư viện nhận 101 cuốn sách.,Thư viện nhận một trăm linh mốt cuốn sách.,soe_vinorm,Thư viện nhận một trăm linh một cuốn sách .,,,cluster_unknown,lexical_or_semantic_mismatch,True,
cardinal_011,Kho hiện có 105 hộp.,Kho hiện có một trăm linh năm hộp.,current_rule,Kho hiện có một trăm linh năm hộp.,,,cluster_unknown,exact,False,
cardinal_011,Kho hiện có 105 hộp.,Kho hiện có một trăm linh năm hộp.,num2words_vi,Kho hiện có một trăm lẻ năm hộp.,,,cluster_unknown,lexical_or_semantic_mismatch,True,
cardinal_011,Kho hiện có 105 hộp.,Kho hiện có một trăm linh năm hộp.,vietnormalizer,kho hiện có một trăm lẻ năm hộp.,,,cluster_unknown,lexical_or_semantic_mismatch,True,
cardinal_011,Kho hiện có 105 hộp.,Kho hiện có một trăm linh năm hộp.,soe_vinorm,Kho hiện có một trăm linh năm hộp .,,,cluster_unknown,formatting_only,False,
cardinal_012,Trường tuyển 115 học sinh.,Trường tuyển một trăm mười lăm học sinh.,current_rule,Trường tuyển một trăm mười lăm học sinh.,,,cluster_unknown,exact,False,
cardinal_012,Trường tuyển 115 học sinh.,Trường tuyển một trăm mười lăm học sinh.,num2words_vi,Trường tuyển một trăm mười lăm học sinh.,,,cluster_unknown,exact,False,
cardinal_012,Trường tuyển 115 học sinh.,Trường tuyển một trăm mười lăm học sinh.,vietnormalizer,trường tuyển một trăm mười lăm học sinh.,,,cluster_unknown,lexical_or_semantic_mismatch,True,
cardinal_012,Trường tuyển 115 học sinh.,Trường tuyển một trăm mười lăm học sinh.,soe_vinorm,Trường tuyển một trăm mười lăm học sinh .,,,cluster_unknown,formatting_only,False,
cardinal_013,Cuộc khảo sát có 1.001 người tham gia.,Cuộc khảo sát có một nghìn không trăm linh một người tham gia.,current_rule,Cuộc khảo sát có 1.001 người tham gia.,,,cluster_unknown,lexical_or_semantic_mismatch,True,
cardinal_013,Cuộc khảo sát có 1.001 người tham gia.,Cuộc khảo sát có một nghìn không trăm linh một người tham gia.,num2words_vi,Cuộc khảo sát có một.một người tham gia.,,,cluster_unknown,lexical_or_semantic_mismatch,True,
cardinal_013,Cuộc khảo sát có 1.001 người tham gia.,Cuộc khảo sát có một nghìn không trăm linh một người tham gia.,vietnormalizer,cuộc khảo sát có một nghìn không trăm lẻ một người tham gia.,,,cluster_unknown,lexical_or_semantic_mismatch,True,
cardinal_013,Cuộc khảo sát có 1.001 người tham gia.,Cuộc khảo sát có một nghìn không trăm linh một người tham gia.,soe_vinorm,Cuộc khảo sát có một nghìn không trăm linh một người tham gia .,,,cluster_unknown,formatting_only,False,
cardinal_014,Hệ thống ghi nhận 1.005 yêu cầu.,Hệ thống ghi nhận một nghìn không trăm linh năm yêu cầu.,current_rule,Hệ thống ghi nhận 1.005 yêu cầu.,,,cluster_unknown,lexical_or_semantic_mismatch,True,
cardinal_014,Hệ thống ghi nhận 1.005 yêu cầu.,Hệ thống ghi nhận một nghìn không trăm linh năm yêu cầu.,num2words_vi,Hệ thống ghi nhận một.năm yêu cầu.,,,cluster_unknown,lexical_or_semantic_mismatch,True,
cardinal_014,Hệ thống ghi nhận 1.005 yêu cầu.,Hệ thống ghi nhận một nghìn không trăm linh năm yêu cầu.,vietnormalizer,hệ thống ghi nhận một nghìn không trăm lẻ năm yêu cầu.,,,cluster_unknown,lexical_or_semantic_mismatch,True,
cardinal_014,Hệ thống ghi nhận 1.005 yêu cầu.,Hệ thống ghi nhận một nghìn không trăm linh năm yêu cầu.,soe_vinorm,Hệ thống ghi nhận một nghìn không trăm linh năm yêu cầu .,,,cluster_unknown,formatting_only,False,
cardinal_015,Nhà máy sản xuất 1.015 linh kiện.,Nhà máy sản xuất một nghìn không trăm mười lăm linh kiện.,current_rule,Nhà máy sản xuất 1.015 linh kiện.,,,cluster_unknown,lexical_or_semantic_mismatch,True,
cardinal_015,Nhà máy sản xuất 1.015 linh kiện.,Nhà máy sản xuất một nghìn không trăm mười lăm linh kiện.,num2words_vi,Nhà máy sản xuất một.mười lăm linh kiện.,,,cluster_unknown,lexical_or_semantic_mismatch,True,
cardinal_015,Nhà máy sản xuất 1.015 linh kiện.,Nhà máy sản xuất một nghìn không trăm mười lăm linh kiện.,vietnormalizer,nhà máy sản xuất một nghìn không trăm mười lăm linh kiện.,,,cluster_unknown,lexical_or_semantic_mismatch,True,
cardinal_015,Nhà máy sản xuất 1.015 linh kiện.,Nhà máy sản xuất một nghìn không trăm mười lăm linh kiện.,soe_vinorm,Nhà máy sản xuất một nghìn không trăm mười lăm linh kiện .,,,cluster_unknown,formatting_only,False,
cardinal_016,Thành phố trồng thêm 10.001 cây xanh.,Thành phố trồng thêm mười nghìn không trăm linh một cây xanh.,current_rule,Thành phố trồng thêm 10.001 cây xanh.,,,cluster_unknown,lexical_or_semantic_mismatch,True,
cardinal_016,Thành phố trồng thêm 10.001 cây xanh.,Thành phố trồng thêm mười nghìn không trăm linh một cây xanh.,num2words_vi,Thành phố trồng thêm mười.một cây xanh.,,,cluster_unknown,lexical_or_semantic_mismatch,True,
cardinal_016,Thành phố trồng thêm 10.001 cây xanh.,Thành phố trồng thêm mười nghìn không trăm linh một cây xanh.,vietnormalizer,thành phố trồng thêm mười nghìn không trăm lẻ một cây xanh.,,,cluster_unknown,lexical_or_semantic_mismatch,True,
cardinal_016,Thành phố trồng thêm 10.001 cây xanh.,Thành phố trồng thêm mười nghìn không trăm linh một cây xanh.,soe_vinorm,Thành phố trồng thêm mười nghìn không trăm linh một cây xanh .,,,cluster_unknown,formatting_only,False,
cardinal_017,Sân vận động có 10.500 chỗ ngồi.,Sân vận động có mười nghìn năm trăm chỗ ngồi.,current_rule,Sân vận động có 10.500 chỗ ngồi.,,,cluster_unknown,lexical_or_semantic_mismatch,True,
cardinal_017,Sân vận động có 10.500 chỗ ngồi.,Sân vận động có mười nghìn năm trăm chỗ ngồi.,num2words_vi,Sân vận động có mười.năm trăm chỗ ngồi.,,,cluster_unknown,lexical_or_semantic_mismatch,True,
cardinal_017,Sân vận động có 10.500 chỗ ngồi.,Sân vận động có mười nghìn năm trăm chỗ ngồi.,vietnormalizer,sân vận động có mười nghìn năm trăm chỗ ngồi.,,,cluster_unknown,lexical_or_semantic_mismatch,True,
cardinal_017,Sân vận động có 10.500 chỗ ngồi.,Sân vận động có mười nghìn năm trăm chỗ ngồi.,soe_vinorm,Sân vận động có mười nghìn năm trăm chỗ ngồi .,,,cluster_unknown,formatting_only,False,
cardinal_018,Ứng dụng đạt 1.000.000 lượt tải.,Ứng dụng đạt một triệu lượt tải.,current_rule,Ứng dụng đạt 1.000.000 lượt tải.,,,cluster_unknown,lexical_or_semantic_mismatch,True,
cardinal_018,Ứng dụng đạt 1.000.000 lượt tải.,Ứng dụng đạt một triệu lượt tải.,num2words_vi,Ứng dụng đạt một.không.không lượt tải.,,,cluster_unknown,lexical_or_semantic_mismatch,True,
cardinal_018,Ứng dụng đạt 1.000.000 lượt tải.,Ứng dụng đạt một triệu lượt tải.,vietnormalizer,ứng dụng đạt một triệu lượt tải.,,,cluster_unknown,lexical_or_semantic_mismatch,True,
cardinal_018,Ứng dụng đạt 1.000.000 lượt tải.,Ứng dụng đạt một triệu lượt tải.,soe_vinorm,Ứng dụng đạt một triệu lượt tải .,,,cluster_unknown,formatting_only,False,
cardinal_019,Dân số khu vực là 1.234.567 người.,Dân số khu vực là một triệu hai trăm ba mươi tư nghìn năm trăm sáu mươi bảy người.,current_rule,Dân số khu vực là 1.234.567 người.,,,cluster_unknown,lexical_or_semantic_mismatch,True,
cardinal_019,Dân số khu vực là 1.234.567 người.,Dân số khu vực là một triệu hai trăm ba mươi tư nghìn năm trăm sáu mươi bảy người.,num2words_vi,Dân số khu vực là một.hai trăm ba mươi bốn.năm trăm sáu mươi bảy người.,,,cluster_unknown,lexical_or_semantic_mismatch,True,
cardinal_019,Dân số khu vực là 1.234.567 người.,Dân số khu vực là một triệu hai trăm ba mươi tư nghìn năm trăm sáu mươi bảy người.,vietnormalizer,dân số khu vực là một triệu hai trăm ba mươi tư nghìn năm trăm sáu mươi bảy người.,,,cluster_unknown,lexical_or_semantic_mismatch,True,
cardinal_019,Dân số khu vực là 1.234.567 người.,Dân số khu vực là một triệu hai trăm ba mươi tư nghìn năm trăm sáu mươi bảy người.,soe_vinorm,Dân số khu vực là một triệu hai trăm ba mươi tư nghìn năm trăm sáu mươi bảy người .,,,cluster_unknown,formatting_only,False,
cardinal_020,Tài khoản đang có số dư âm 125 điểm.,Tài khoản đang có số dư âm một trăm hai lăm điểm.,current_rule,Tài khoản đang có số dư âm một trăm hai mươi lăm đồngiểm.,,,cluster_unknown,lexical_or_semantic_mismatch,True,
cardinal_020,Tài khoản đang có số dư âm 125 điểm.,Tài khoản đang có số dư âm một trăm hai lăm điểm.,num2words_vi,Tài khoản đang có số dư âm một trăm hai mươi lăm điểm.,,,cluster_unknown,lexical_or_semantic_mismatch,True,
cardinal_020,Tài khoản đang có số dư âm 125 điểm.,Tài khoản đang có số dư âm một trăm hai lăm điểm.,vietnormalizer,tài khoản đang có số dư âm một trăm hai mươi lăm điểm.,,,cluster_unknown,lexical_or_semantic_mismatch,True,
cardinal_020,Tài khoản đang có số dư âm 125 điểm.,Tài khoản đang có số dư âm một trăm hai lăm điểm.,soe_vinorm,Tài khoản đang có số dư âm một trăm hai mươi lăm điểm .,,,cluster_unknown,lexical_or_semantic_mismatch,True,
decimal_math_001,"Xác suất bằng 0,5.",Xác suất bằng không phẩy năm.,current_rule,"Xác suất bằng 0,5.",,,cluster_unknown,lexical_or_semantic_mismatch,True,
decimal_math_001,"Xác suất bằng 0,5.",Xác suất bằng không phẩy năm.,num2words_vi,"Xác suất bằng không,năm.",,,cluster_unknown,lexical_or_semantic_mismatch,True,
decimal_math_001,"Xác suất bằng 0,5.",Xác suất bằng không phẩy năm.,vietnormalizer,xác suất bằng không phẩy năm.,,,cluster_unknown,lexical_or_semantic_mismatch,True,
decimal_math_001,"Xác suất bằng 0,5.",Xác suất bằng không phẩy năm.,soe_vinorm,Xác suất bằng không phẩy năm .,,,cluster_unknown,formatting_only,False,
decimal_math_002,"Kết quả đo là 1,05.",Kết quả đo là một phẩy không năm.,current_rule,"Kết quả đo là 1,05.",,,cluster_unknown,lexical_or_semantic_mismatch,True,
decimal_math_002,"Kết quả đo là 1,05.",Kết quả đo là một phẩy không năm.,num2words_vi,"Kết quả đo là một,năm.",,,cluster_unknown,lexical_or_semantic_mismatch,True,
decimal_math_002,"Kết quả đo là 1,05.",Kết quả đo là một phẩy không năm.,vietnormalizer,kết quả đo là một phẩy năm.,,,cluster_unknown,lexical_or_semantic_mismatch,True,
decimal_math_002,"Kết quả đo là 1,05.",Kết quả đo là một phẩy không năm.,soe_vinorm,Kết quả đo là một phẩy không năm .,,,cluster_unknown,formatting_only,False,
decimal_math_003,"Giá trị trung bình là 12,04.",Giá trị trung bình là mười hai phẩy không bốn.,current_rule,"Giá trị trung bình là 12,04.",,,cluster_unknown,lexical_or_semantic_mismatch,True,
decimal_math_003,"Giá trị trung bình là 12,04.",Giá trị trung bình là mười hai phẩy không bốn.,num2words_vi,"Giá trị trung bình là mười hai,bốn.",,,cluster_unknown,lexical_or_semantic_mismatch,True,
decimal_math_003,"Giá trị trung bình là 12,04.",Giá trị trung bình là mười hai phẩy không bốn.,vietnormalizer,giá trị trung bình là mười hai phẩy bốn.,,,cluster_unknown,lexical_or_semantic_mismatch,True,
decimal_math_003,"Giá trị trung bình là 12,04.",Giá trị trung bình là mười hai phẩy không bốn.,soe_vinorm,Giá trị trung bình là mười hai phẩy không bốn .,,,cluster_unknown,formatting_only,False,
decimal_math_004,"Nghiệm của phương trình là -3,5.",Nghiệm của phương trình là âm ba phẩy năm.,current_rule,"Nghiệm của phương trình là -3,5.",,,cluster_unknown,lexical_or_semantic_mismatch,True,
decimal_math_004,"Nghiệm của phương trình là -3,5.",Nghiệm của phương trình là âm ba phẩy năm.,num2words_vi,"Nghiệm của phương trình là -ba,năm.",,,cluster_unknown,lexical_or_semantic_mismatch,True,
decimal_math_004,"Nghiệm của phương trình là -3,5.",Nghiệm của phương trình là âm ba phẩy năm.,vietnormalizer,nghiệm của phương trình là -ba phẩy năm.,,,cluster_unknown,lexical_or_semantic_mismatch,True,
decimal_math_004,"Nghiệm của phương trình là -3,5.",Nghiệm của phương trình là âm ba phẩy năm.,soe_vinorm,Nghiệm của phương trình là trừ ba phẩy năm .,,,cluster_unknown,lexical_or_semantic_mismatch,True,
decimal_math_005,"Sai số hiệu chỉnh là +2,5.",Sai số hiệu chỉnh là dương hai phẩy năm.,current_rule,"Sai số hiệu chỉnh là +2,5.",,,cluster_unknown,lexical_or_semantic_mismatch,True,
decimal_math_005,"Sai số hiệu chỉnh là +2,5.",Sai số hiệu chỉnh là dương hai phẩy năm.,num2words_vi,"Sai số hiệu chỉnh là +hai,năm.",,,cluster_unknown,lexical_or_semantic_mismatch,True,
decimal_math_005,"Sai số hiệu chỉnh là +2,5.",Sai số hiệu chỉnh là dương hai phẩy năm.,vietnormalizer,sai số hiệu chỉnh là +hai phẩy năm.,,,cluster_unknown,lexical_or_semantic_mismatch,True,
decimal_math_005,"Sai số hiệu chỉnh là +2,5.",Sai số hiệu chỉnh là dương hai phẩy năm.,soe_vinorm,Sai số hiệu chỉnh là cộng hai phẩy năm .,,,cluster_unknown,lexical_or_semantic_mismatch,True,
decimal_math_006,"Tổng doanh thu là 1.234,56 triệu đồng.",Tổng doanh thu là một nghìn hai trăm ba mươi tư phẩy năm sáu triệu đồng.,current_rule,"Tổng doanh thu là 1.234,năm mươi sáu triệu đồng.",,,cluster_unknown,lexical_or_semantic_mismatch,True,
decimal_math_006,"Tổng doanh thu là 1.234,56 triệu đồng.",Tổng doanh thu là một nghìn hai trăm ba mươi tư phẩy năm sáu triệu đồng.,num2words_vi,"Tổng doanh thu là một.hai trăm ba mươi bốn,năm mươi sáu triệu đồng.",,,cluster_unknown,lexical_or_semantic_mismatch,True,
decimal_math_006,"Tổng doanh thu là 1.234,56 triệu đồng.",Tổng doanh thu là một nghìn hai trăm ba mươi tư phẩy năm sáu triệu đồng.,vietnormalizer,tổng doanh thu là một.hai trăm ba mươi tư phẩy năm mươi sáu triệu đồng.,,,cluster_unknown,lexical_or_semantic_mismatch,True,
decimal_math_006,"Tổng doanh thu là 1.234,56 triệu đồng.",Tổng doanh thu là một nghìn hai trăm ba mươi tư phẩy năm sáu triệu đồng.,soe_vinorm,Tổng doanh thu là một nghìn hai trăm ba mươi tư phẩy năm sáu triệu đồng .,,,cluster_unknown,formatting_only,False,
decimal_math_007,"Hằng số pi xấp xỉ 3,14159.",Hằng số pi xấp xỉ ba phẩy một bốn một năm chín.,current_rule,"Hằng số pi xấp xỉ 3,14159.",,,cluster_unknown,lexical_or_semantic_mismatch,True,
decimal_math_007,"Hằng số pi xấp xỉ 3,14159.",Hằng số pi xấp xỉ ba phẩy một bốn một năm chín.,num2words_vi,"Hằng số pi xấp xỉ ba,mười bốn nghìn một trăm năm mươi chín.",,,cluster_unknown,lexical_or_semantic_mismatch,True,
decimal_math_007,"Hằng số pi xấp xỉ 3,14159.",Hằng số pi xấp xỉ ba phẩy một bốn một năm chín.,vietnormalizer,hằng số pi xấp xỉ ba phẩy mười bốn nghìn một trăm năm mươi chín.,,,cluster_unknown,lexical_or_semantic_mismatch,True,
decimal_math_007,"Hằng số pi xấp xỉ 3,14159.",Hằng số pi xấp xỉ ba phẩy một bốn một năm chín.,soe_vinorm,Hằng số pi xấp xỉ ba phẩy một bốn một năm chín .,,,cluster_unknown,formatting_only,False,
decimal_math_008,Một triệu có thể viết là 10^6.,Một triệu có thể viết là mười mũ sáu.,current_rule,Một triệu có thể viết là mười^sáu.,,,cluster_unknown,lexical_or_semantic_mismatch,True,
decimal_math_008,Một triệu có thể viết là 10^6.,Một triệu có thể viết là mười mũ sáu.,num2words_vi,Một triệu có thể viết là mười^sáu.,,,cluster_unknown,lexical_or_semantic_mismatch,True,
decimal_math_008,Một triệu có thể viết là 10^6.,Một triệu có thể viết là mười mũ sáu.,vietnormalizer,một triệu có thể viết là một trăm lẻ sáu.,,,cluster_unknown,lexical_or_semantic_mismatch,True,
decimal_math_008,Một triệu có thể viết là 10^6.,Một triệu có thể viết là mười mũ sáu.,soe_vinorm,Một triệu có thể viết là mười mũ sáu .,,,cluster_unknown,formatting_only,False,
decimal_math_009,Diện tích hình vuông được tính bằng 2².,Diện tích hình vuông được tính bằng hai bình phương.,current_rule,Diện tích hình vuông được tính bằng 2².,,,cluster_unknown,lexical_or_semantic_mismatch,True,
decimal_math_009,Diện tích hình vuông được tính bằng 2².,Diện tích hình vuông được tính bằng hai bình phương.,num2words_vi,Diện tích hình vuông được tính bằng hai².,,,cluster_unknown,lexical_or_semantic_mismatch,True,
decimal_math_009,Diện tích hình vuông được tính bằng 2².,Diện tích hình vuông được tính bằng hai bình phương.,vietnormalizer,diện tích hình vuông được tính bằng 2².,,,cluster_unknown,lexical_or_semantic_mismatch,True,
decimal_math_009,Diện tích hình vuông được tính bằng 2².,Diện tích hình vuông được tính bằng hai bình phương.,soe_vinorm,Diện tích hình vuông được tính bằng hai .,,,cluster_unknown,lexical_or_semantic_mismatch,True,
decimal_math_010,Căn bậc hai của 2 là một số vô tỉ.,Căn bậc hai của hai là một số vô tỉ.,current_rule,Căn bậc hai của hai là một số vô tỉ.,,,cluster_unknown,exact,False,
decimal_math_010,Căn bậc hai của 2 là một số vô tỉ.,Căn bậc hai của hai là một số vô tỉ.,num2words_vi,Căn bậc hai của hai là một số vô tỉ.,,,cluster_unknown,exact,False,
decimal_math_010,Căn bậc hai của 2 là một số vô tỉ.,Căn bậc hai của hai là một số vô tỉ.,vietnormalizer,căn bậc hai của hai là một số vô tỉ.,,,cluster_unknown,lexical_or_semantic_mismatch,True,
decimal_math_010,Căn bậc hai của 2 là một số vô tỉ.,Căn bậc hai của hai là một số vô tỉ.,soe_vinorm,Căn bậc hai của hai là một số vô tỉ .,,,cluster_unknown,formatting_only,False,
decimal_math_011,"Giá trị bằng 1,2×10^-3.",Giá trị bằng một phẩy hai nhân mười mũ âm ba.,current_rule,"Giá trị bằng 1,2×mười^âm ba.",,,cluster_unknown,lexical_or_semantic_mismatch,True,
decimal_math_011,"Giá trị bằng 1,2×10^-3.",Giá trị bằng một phẩy hai nhân mười mũ âm ba.,num2words_vi,"Giá trị bằng một,hai×mười^-ba.",,,cluster_unknown,lexical_or_semantic_mismatch,True,
decimal_math_011,"Giá trị bằng 1,2×10^-3.",Giá trị bằng một phẩy hai nhân mười mũ âm ba.,vietnormalizer,giá trị bằng một phẩy hai×mười tháng ba.,,,cluster_unknown,lexical_or_semantic_mismatch,True,
decimal_math_011,"Giá trị bằng 1,2×10^-3.",Giá trị bằng một phẩy hai nhân mười mũ âm ba.,soe_vinorm,Giá trị bằng một phẩy hai mười mũ - ba .,,,cluster_unknown,lexical_or_semantic_mismatch,True,
decimal_math_012,Ta có 2 + 3 = 5.,Ta có hai cộng ba bằng năm.,current_rule,Ta có hai + ba = năm.,,,cluster_unknown,lexical_or_semantic_mismatch,True,
decimal_math_012,Ta có 2 + 3 = 5.,Ta có hai cộng ba bằng năm.,num2words_vi,Ta có hai + ba = năm.,,,cluster_unknown,lexical_or_semantic_mismatch,True,
decimal_math_012,Ta có 2 + 3 = 5.,Ta có hai cộng ba bằng năm.,vietnormalizer,ta có hai + ba = năm.,,,cluster_unknown,lexical_or_semantic_mismatch,True,
decimal_math_012,Ta có 2 + 3 = 5.,Ta có hai cộng ba bằng năm.,soe_vinorm,Ta có hai cộng ba bằng năm .,,,cluster_unknown,formatting_only,False,
decimal_math_013,"Phép tính 7 ÷ 2 = 3,5.",Phép tính bảy chia hai bằng ba phẩy năm.,current_rule,"Phép tính bảy ÷ hai = 3,5.",,,cluster_unknown,lexical_or_semantic_mismatch,True,
decimal_math_013,"Phép tính 7 ÷ 2 = 3,5.",Phép tính bảy chia hai bằng ba phẩy năm.,num2words_vi,"Phép tính bảy ÷ hai = ba,năm.",,,cluster_unknown,lexical_or_semantic_mismatch,True,
decimal_math_013,"Phép tính 7 ÷ 2 = 3,5.",Phép tính bảy chia hai bằng ba phẩy năm.,vietnormalizer,phép tính bảy ÷ hai = ba phẩy năm.,,,cluster_unknown,lexical_or_semantic_mismatch,True,
decimal_math_013,"Phép tính 7 ÷ 2 = 3,5.",Phép tính bảy chia hai bằng ba phẩy năm.,soe_vinorm,Phép tính bảy hai bằng ba phẩy năm .,,,cluster_unknown,lexical_or_semantic_mismatch,True,
decimal_math_014,Biểu thức 4 : 2 = 2 rất đơn giản.,Biểu thức bốn chia hai bằng hai rất đơn giản.,current_rule,Biểu thức 4 : 2 = hai rất đơn giản.,,,cluster_unknown,lexical_or_semantic_mismatch,True,
decimal_math_014,Biểu thức 4 : 2 = 2 rất đơn giản.,Biểu thức bốn chia hai bằng hai rất đơn giản.,num2words_vi,Biểu thức bốn : hai = hai rất đơn giản.,,,cluster_unknown,lexical_or_semantic_mismatch,True,
decimal_math_014,Biểu thức 4 : 2 = 2 rất đơn giản.,Biểu thức bốn chia hai bằng hai rất đơn giản.,vietnormalizer,biểu thức bốn : hai = hai rất đơn giản.,,,cluster_unknown,lexical_or_semantic_mismatch,True,
decimal_math_014,Biểu thức 4 : 2 = 2 rất đơn giản.,Biểu thức bốn chia hai bằng hai rất đơn giản.,soe_vinorm,Biểu thức bốn : hai bằng hai rất đơn giản .,,,cluster_unknown,lexical_or_semantic_mismatch,True,
decimal_math_015,Độ chính xác đạt 10⁻⁶.,Độ chính xác đạt mười mũ âm sáu.,current_rule,Độ chính xác đạt mười⁻⁶.,,,cluster_unknown,lexical_or_semantic_mismatch,True,
decimal_math_015,Độ chính xác đạt 10⁻⁶.,Độ chính xác đạt mười mũ âm sáu.,num2words_vi,Độ chính xác đạt mười⁻⁶.,,,cluster_unknown,lexical_or_semantic_mismatch,True,
decimal_math_015,Độ chính xác đạt 10⁻⁶.,Độ chính xác đạt mười mũ âm sáu.,vietnormalizer,độ chính xác đạt mười.,,,cluster_unknown,lexical_or_semantic_mismatch,True,
decimal_math_015,Độ chính xác đạt 10⁻⁶.,Độ chính xác đạt mười mũ âm sáu.,soe_vinorm,Độ chính xác đạt mười .,,,cluster_unknown,lexical_or_semantic_mismatch,True,
year_date_001,Tôi sinh năm 1995.,Tôi sinh năm một nghìn chín trăm chín mươi lăm.,current_rule,Tôi sinh năm một nghìn chín trăm chín mươi lăm.,,,cluster_unknown,exact,False,
year_date_001,Tôi sinh năm 1995.,Tôi sinh năm một nghìn chín trăm chín mươi lăm.,num2words_vi,Tôi sinh năm một nghìn chín trăm chín mươi lăm.,,,cluster_unknown,exact,False,
year_date_001,Tôi sinh năm 1995.,Tôi sinh năm một nghìn chín trăm chín mươi lăm.,vietnormalizer,tôi sinh năm một nghìn chín trăm chín mươi lăm.,,,cluster_unknown,lexical_or_semantic_mismatch,True,
year_date_001,Tôi sinh năm 1995.,Tôi sinh năm một nghìn chín trăm chín mươi lăm.,soe_vinorm,Tôi sinh năm một nghìn chín trăm chín mươi lăm .,,,cluster_unknown,formatting_only,False,
year_date_002,Công ty được thành lập năm 2000.,Công ty được thành lập năm hai nghìn.,current_rule,Công ty được thành lập năm hai nghìn.,,,cluster_unknown,exact,False,
year_date_002,Công ty được thành lập năm 2000.,Công ty được thành lập năm hai nghìn.,num2words_vi,Công ty được thành lập năm hai nghìn.,,,cluster_unknown,exact,False,
year_date_002,Công ty được thành lập năm 2000.,Công ty được thành lập năm hai nghìn.,vietnormalizer,công ty được thành lập năm hai nghìn.,,,cluster_unknown,lexical_or_semantic_mismatch,True,
year_date_002,Công ty được thành lập năm 2000.,Công ty được thành lập năm hai nghìn.,soe_vinorm,Công ty được thành lập năm hai nghìn .,,,cluster_unknown,formatting_only,False,
year_date_003,Tôi sinh năm 2005.,Tôi sinh năm hai nghìn không trăm linh năm.,current_rule,Tôi sinh năm hai nghìn không trăm linh năm.,,,cluster_unknown,exact,False,
year_date_003,Tôi sinh năm 2005.,Tôi sinh năm hai nghìn không trăm linh năm.,num2words_vi,Tôi sinh năm hai nghìn lẻ năm.,,,cluster_unknown,lexical_or_semantic_mismatch,True,
year_date_003,Tôi sinh năm 2005.,Tôi sinh năm hai nghìn không trăm linh năm.,vietnormalizer,tôi sinh năm hai nghìn không trăm lẻ năm.,,,cluster_unknown,lexical_or_semantic_mismatch,True,
year_date_003,Tôi sinh năm 2005.,Tôi sinh năm hai nghìn không trăm linh năm.,soe_vinorm,Tôi sinh năm hai nghìn không trăm linh năm .,,,cluster_unknown,formatting_only,False,
year_date_004,Dự án bắt đầu từ năm 2010.,Dự án bắt đầu từ năm hai nghìn không trăm mười.,current_rule,Dự án bắt đầu từ năm hai nghìn không trăm mười.,,,cluster_unknown,exact,False,
year_date_004,Dự án bắt đầu từ năm 2010.,Dự án bắt đầu từ năm hai nghìn không trăm mười.,num2words_vi,Dự án bắt đầu từ năm hai nghìn lẻ mười.,,,cluster_unknown,lexical_or_semantic_mismatch,True,
year_date_004,Dự án bắt đầu từ năm 2010.,Dự án bắt đầu từ năm hai nghìn không trăm mười.,vietnormalizer,dự án bắt đầu từ năm hai nghìn không trăm mười.,,,cluster_unknown,lexical_or_semantic_mismatch,True,
year_date_004,Dự án bắt đầu từ năm 2010.,Dự án bắt đầu từ năm hai nghìn không trăm mười.,soe_vinorm,Dự án bắt đầu từ năm hai nghìn không trăm mười .,,,cluster_unknown,formatting_only,False,
year_date_005,Báo cáo được công bố năm 2024.,Báo cáo được công bố năm hai nghìn không trăm hai mươi tư.,current_rule,Báo cáo được công bố năm hai nghìn không trăm hai mươi tư.,,,cluster_unknown,exact,False,
year_date_005,Báo cáo được công bố năm 2024.,Báo cáo được công bố năm hai nghìn không trăm hai mươi tư.,num2words_vi,Báo cáo được công bố năm hai nghìn lẻ hai mươi bốn.,,,cluster_unknown,lexical_or_semantic_mismatch,True,
year_date_005,Báo cáo được công bố năm 2024.,Báo cáo được công bố năm hai nghìn không trăm hai mươi tư.,vietnormalizer,báo cáo được công bố năm hai nghìn không trăm hai mươi tư.,,,cluster_unknown,lexical_or_semantic_mismatch,True,
year_date_005,Báo cáo được công bố năm 2024.,Báo cáo được công bố năm hai nghìn không trăm hai mươi tư.,soe_vinorm,Báo cáo được công bố năm hai nghìn không trăm hai mươi tư .,,,cluster_unknown,formatting_only,False,
year_date_006,Sự kiện diễn ra vào năm 45 TCN.,Sự kiện diễn ra vào năm bốn mươi lăm trước Công nguyên.,current_rule,Sự kiện diễn ra vào năm bốn mươi lăm TCN.,,,cluster_unknown,lexical_or_semantic_mismatch,True,
year_date_006,Sự kiện diễn ra vào năm 45 TCN.,Sự kiện diễn ra vào năm bốn mươi lăm trước Công nguyên.,num2words_vi,Sự kiện diễn ra vào năm bốn mươi lăm TCN.,,,cluster_unknown,lexical_or_semantic_mismatch,True,
year_date_006,Sự kiện diễn ra vào năm 45 TCN.,Sự kiện diễn ra vào năm bốn mươi lăm trước Công nguyên.,vietnormalizer,sự kiện diễn ra vào năm bốn mươi lăm tê xê en.,,,cluster_unknown,lexical_or_semantic_mismatch,True,
year_date_006,Sự kiện diễn ra vào năm 45 TCN.,Sự kiện diễn ra vào năm bốn mươi lăm trước Công nguyên.,soe_vinorm,Sự kiện diễn ra vào năm bốn mươi lăm trước công nguyên .,,,cluster_unknown,lexical_or_semantic_mismatch,True,
year_date_007,Khóa học thuộc niên khóa 2025-2026.,Khóa học thuộc niên khóa hai nghìn không trăm hai mươi lăm đến hai nghìn không trăm hai mươi sáu.,current_rule,Khóa học thuộc niên khóa 2025-2026.,,,cluster_unknown,lexical_or_semantic_mismatch,True,
year_date_007,Khóa học thuộc niên khóa 2025-2026.,Khóa học thuộc niên khóa hai nghìn không trăm hai mươi lăm đến hai nghìn không trăm hai mươi sáu.,num2words_vi,Khóa học thuộc niên khóa hai nghìn lẻ hai mươi lăm-hai nghìn lẻ hai mươi sáu.,,,cluster_unknown,lexical_or_semantic_mismatch,True,
year_date_007,Khóa học thuộc niên khóa 2025-2026.,Khóa học thuộc niên khóa hai nghìn không trăm hai mươi lăm đến hai nghìn không trăm hai mươi sáu.,vietnormalizer,khóa học thuộc niên khóa hai nghìn không trăm hai mươi lăm đến hai nghìn không trăm hai mươi sáu.,,,cluster_unknown,lexical_or_semantic_mismatch,True,
year_date_007,Khóa học thuộc niên khóa 2025-2026.,Khóa học thuộc niên khóa hai nghìn không trăm hai mươi lăm đến hai nghìn không trăm hai mươi sáu.,soe_vinorm,Khóa học thuộc niên khóa hai nghìn không trăm hai mươi lăm hai nghìn không trăm hai mươi sáu .,,,cluster_unknown,lexical_or_semantic_mismatch,True,
year_date_008,Tài liệu này có từ năm 1873.,Tài liệu này có từ năm một nghìn tám trăm bảy mươi ba.,current_rule,Tài liệu này có từ năm một nghìn tám trăm bảy mươi ba.,,,cluster_unknown,exact,False,
year_date_008,Tài liệu này có từ năm 1873.,Tài liệu này có từ năm một nghìn tám trăm bảy mươi ba.,num2words_vi,Tài liệu này có từ năm một nghìn tám trăm bảy mươi ba.,,,cluster_unknown,exact,False,
year_date_008,Tài liệu này có từ năm 1873.,Tài liệu này có từ năm một nghìn tám trăm bảy mươi ba.,vietnormalizer,tài liệu này có từ năm một nghìn tám trăm bảy mươi ba.,,,cluster_unknown,lexical_or_semantic_mismatch,True,
year_date_008,Tài liệu này có từ năm 1873.,Tài liệu này có từ năm một nghìn tám trăm bảy mươi ba.,soe_vinorm,Tài liệu này có từ năm một nghìn tám trăm bảy mươi ba .,,,cluster_unknown,formatting_only,False,
year_date_009,Cuộc hẹn là ngày 03/09/2026.,Cuộc hẹn là ngày mùng ba tháng chín năm hai nghìn không trăm hai mươi sáu.,current_rule,Cuộc hẹn là ngày ba tháng chín năm hai nghìn không trăm hai mươi sáu.,,,cluster_unknown,lexical_or_semantic_mismatch,True,
year_date_009,Cuộc hẹn là ngày 03/09/2026.,Cuộc hẹn là ngày mùng ba tháng chín năm hai nghìn không trăm hai mươi sáu.,num2words_vi,Cuộc hẹn là ngày ba/chín/hai nghìn lẻ hai mươi sáu.,,,cluster_unknown,lexical_or_semantic_mismatch,True,
year_date_009,Cuộc hẹn là ngày 03/09/2026.,Cuộc hẹn là ngày mùng ba tháng chín năm hai nghìn không trăm hai mươi sáu.,vietnormalizer,cuộc hẹn là ngày ngày ba tháng chín năm hai nghìn không trăm hai mươi sáu.,,,cluster_unknown,lexical_or_semantic_mismatch,True,
year_date_009,Cuộc hẹn là ngày 03/09/2026.,Cuộc hẹn là ngày mùng ba tháng chín năm hai nghìn không trăm hai mươi sáu.,soe_vinorm,Cuộc hẹn là ngày ba tháng chín năm hai nghìn không trăm hai mươi sáu .,,,cluster_unknown,lexical_or_semantic_mismatch,True,
year_date_010,Hóa đơn được lập ngày 9-1-2021.,Hóa đơn được lập ngày mùng chín tháng một năm hai nghìn không trăm hai mươi mốt.,current_rule,Hóa đơn được lập ngày chín tháng một năm hai nghìn không trăm hai mươi mốt.,,,cluster_unknown,lexical_or_semantic_mismatch,True,
year_date_010,Hóa đơn được lập ngày 9-1-2021.,Hóa đơn được lập ngày mùng chín tháng một năm hai nghìn không trăm hai mươi mốt.,num2words_vi,Hóa đơn được lập ngày chín-một-hai nghìn lẻ hai mươi mốt.,,,cluster_unknown,lexical_or_semantic_mismatch,True,
year_date_010,Hóa đơn được lập ngày 9-1-2021.,Hóa đơn được lập ngày mùng chín tháng một năm hai nghìn không trăm hai mươi mốt.,vietnormalizer,hóa đơn được lập ngày tháng chín đến tháng một năm hai nghìn không trăm hai mươi mốt.,,,cluster_unknown,lexical_or_semantic_mismatch,True,
year_date_010,Hóa đơn được lập ngày 9-1-2021.,Hóa đơn được lập ngày mùng chín tháng một năm hai nghìn không trăm hai mươi mốt.,soe_vinorm,Hóa đơn được lập ngày chín tháng một năm hai nghìn không trăm hai mươi mốt .,,,cluster_unknown,lexical_or_semantic_mismatch,True,
year_date_011,Ngày 29/02/2024 là ngày nhuận.,Ngày hai mươi chín tháng hai năm hai nghìn không trăm hai mươi tư là ngày nhuận.,current_rule,Ngày hai mươi chín tháng hai năm hai nghìn không trăm hai mươi tư là ngày nhuận.,,,cluster_unknown,exact,False,
year_date_011,Ngày 29/02/2024 là ngày nhuận.,Ngày hai mươi chín tháng hai năm hai nghìn không trăm hai mươi tư là ngày nhuận.,num2words_vi,Ngày hai mươi chín/hai/hai nghìn lẻ hai mươi bốn là ngày nhuận.,,,cluster_unknown,lexical_or_semantic_mismatch,True,
year_date_011,Ngày 29/02/2024 là ngày nhuận.,Ngày hai mươi chín tháng hai năm hai nghìn không trăm hai mươi tư là ngày nhuận.,vietnormalizer,ngày ngày hai mươi chín tháng hai năm hai nghìn không trăm hai mươi tư là ngày nhuận.,,,cluster_unknown,lexical_or_semantic_mismatch,True,
year_date_011,Ngày 29/02/2024 là ngày nhuận.,Ngày hai mươi chín tháng hai năm hai nghìn không trăm hai mươi tư là ngày nhuận.,soe_vinorm,Ngày hai mươi chín tháng hai năm hai nghìn không trăm hai mươi tư là ngày nhuận .,,,cluster_unknown,formatting_only,False,
year_date_012,Chúng tôi nghỉ vào ngày 1/5.,Chúng tôi nghỉ vào ngày mùng một tháng năm.,current_rule,Chúng tôi nghỉ vào ngày một phần năm.,,,cluster_unknown,lexical_or_semantic_mismatch,True,
year_date_012,Chúng tôi nghỉ vào ngày 1/5.,Chúng tôi nghỉ vào ngày mùng một tháng năm.,num2words_vi,Chúng tôi nghỉ vào ngày một/năm.,,,cluster_unknown,lexical_or_semantic_mismatch,True,
year_date_012,Chúng tôi nghỉ vào ngày 1/5.,Chúng tôi nghỉ vào ngày mùng một tháng năm.,vietnormalizer,chúng tôi nghỉ vào ngày một tháng năm.,,,cluster_unknown,lexical_or_semantic_mismatch,True,
year_date_012,Chúng tôi nghỉ vào ngày 1/5.,Chúng tôi nghỉ vào ngày mùng một tháng năm.,soe_vinorm,Chúng tôi nghỉ vào ngày một tháng năm .,,,cluster_unknown,lexical_or_semantic_mismatch,True,
year_date_013,Ngày 30-4 là ngày lễ.,Ngày ba mươi tháng tư là ngày lễ.,current_rule,Ngày 30-4 là ngày lễ.,,,cluster_unknown,lexical_or_semantic_mismatch,True,
year_date_013,Ngày 30-4 là ngày lễ.,Ngày ba mươi tháng tư là ngày lễ.,num2words_vi,Ngày ba mươi-bốn là ngày lễ.,,,cluster_unknown,lexical_or_semantic_mismatch,True,
year_date_013,Ngày 30-4 là ngày lễ.,Ngày ba mươi tháng tư là ngày lễ.,vietnormalizer,ngày ba mươi tháng bốn là ngày lễ.,,,cluster_unknown,lexical_or_semantic_mismatch,True,
year_date_013,Ngày 30-4 là ngày lễ.,Ngày ba mươi tháng tư là ngày lễ.,soe_vinorm,Ngày ba mươi tháng bốn là ngày lễ .,,,cluster_unknown,lexical_or_semantic_mismatch,True,
year_date_014,Hợp đồng hết hạn vào 12/2026.,Hợp đồng hết hạn vào tháng mười hai năm hai nghìn không trăm hai mươi sáu.,current_rule,Hợp đồng hết hạn vào mười hai phần hai nghìn hai mươi sáu.,,,cluster_unknown,lexical_or_semantic_mismatch,True,
year_date_014,Hợp đồng hết hạn vào 12/2026.,Hợp đồng hết hạn vào tháng mười hai năm hai nghìn không trăm hai mươi sáu.,num2words_vi,Hợp đồng hết hạn vào mười hai/hai nghìn lẻ hai mươi sáu.,,,cluster_unknown,lexical_or_semantic_mismatch,True,
year_date_014,Hợp đồng hết hạn vào 12/2026.,Hợp đồng hết hạn vào tháng mười hai năm hai nghìn không trăm hai mươi sáu.,vietnormalizer,hợp đồng hết hạn vào tháng mười hai năm hai nghìn không trăm hai mươi sáu.,,,cluster_unknown,lexical_or_semantic_mismatch,True,
year_date_014,Hợp đồng hết hạn vào 12/2026.,Hợp đồng hết hạn vào tháng mười hai năm hai nghìn không trăm hai mươi sáu.,soe_vinorm,Hợp đồng hết hạn vào mười hai năm hai nghìn không trăm hai mươi sáu .,,,cluster_unknown,lexical_or_semantic_mismatch,True,
year_date_015,Kế hoạch áp dụng từ quý 2/2026.,Kế hoạch áp dụng từ quý hai năm hai nghìn không trăm hai mươi sáu.,current_rule,Kế hoạch áp dụng từ quý hai phần hai nghìn hai mươi sáu.,,,cluster_unknown,lexical_or_semantic_mismatch,True,
year_date_015,Kế hoạch áp dụng từ quý 2/2026.,Kế hoạch áp dụng từ quý hai năm hai nghìn không trăm hai mươi sáu.,num2words_vi,Kế hoạch áp dụng từ quý hai/hai nghìn lẻ hai mươi sáu.,,,cluster_unknown,lexical_or_semantic_mismatch,True,
year_date_015,Kế hoạch áp dụng từ quý 2/2026.,Kế hoạch áp dụng từ quý hai năm hai nghìn không trăm hai mươi sáu.,vietnormalizer,kế hoạch áp dụng từ quý tháng hai năm hai nghìn không trăm hai mươi sáu.,,,cluster_unknown,lexical_or_semantic_mismatch,True,
year_date_015,Kế hoạch áp dụng từ quý 2/2026.,Kế hoạch áp dụng từ quý hai năm hai nghìn không trăm hai mươi sáu.,soe_vinorm,Kế hoạch áp dụng từ quý hai năm hai nghìn không trăm hai mươi sáu .,,,cluster_unknown,formatting_only,False,
year_date_016,Hội nghị diễn ra ngày 25-26/12/2023.,Hội nghị diễn ra ngày hai mươi lăm đến hai mươi sáu tháng mười hai năm hai nghìn không trăm hai mươi ba.,current_rule,Hội nghị diễn ra ngày 25-26/12/2023.,,,cluster_unknown,lexical_or_semantic_mismatch,True,
year_date_016,Hội nghị diễn ra ngày 25-26/12/2023.,Hội nghị diễn ra ngày hai mươi lăm đến hai mươi sáu tháng mười hai năm hai nghìn không trăm hai mươi ba.,num2words_vi,Hội nghị diễn ra ngày hai mươi lăm-hai mươi sáu/mười hai/hai nghìn lẻ hai mươi ba.,,,cluster_unknown,lexical_or_semantic_mismatch,True,
year_date_016,Hội nghị diễn ra ngày 25-26/12/2023.,Hội nghị diễn ra ngày hai mươi lăm đến hai mươi sáu tháng mười hai năm hai nghìn không trăm hai mươi ba.,vietnormalizer,hội nghị diễn ra ngày hai mươi lăm đến hai mươi sáu tháng mười hai năm hai nghìn không trăm hai mươi ba.,,,cluster_unknown,lexical_or_semantic_mismatch,True,
year_date_016,Hội nghị diễn ra ngày 25-26/12/2023.,Hội nghị diễn ra ngày hai mươi lăm đến hai mươi sáu tháng mười hai năm hai nghìn không trăm hai mươi ba.,soe_vinorm,Hội nghị diễn ra ngày hai mươi lăm đến ngày hai mươi sáu tháng mười hai năm hai nghìn không trăm hai mươi ba .,,,cluster_unknown,lexical_or_semantic_mismatch,True,
year_date_017,Tệp được tạo ngày 01.02.2026.,Tệp được tạo ngày mùng một tháng hai năm hai nghìn không trăm hai mươi sáu.,current_rule,Tệp được tạo ngày một tháng hai năm hai nghìn không trăm hai mươi sáu.,,,cluster_unknown,lexical_or_semantic_mismatch,True,
year_date_017,Tệp được tạo ngày 01.02.2026.,Tệp được tạo ngày mùng một tháng hai năm hai nghìn không trăm hai mươi sáu.,num2words_vi,Tệp được tạo ngày một.hai.hai nghìn lẻ hai mươi sáu.,,,cluster_unknown,lexical_or_semantic_mismatch,True,
year_date_017,Tệp được tạo ngày 01.02.2026.,Tệp được tạo ngày mùng một tháng hai năm hai nghìn không trăm hai mươi sáu.,vietnormalizer,tệp được tạo ngày một.hai.hai nghìn không trăm hai mươi sáu.,,,cluster_unknown,lexical_or_semantic_mismatch,True,
year_date_017,Tệp được tạo ngày 01.02.2026.,Tệp được tạo ngày mùng một tháng hai năm hai nghìn không trăm hai mươi sáu.,soe_vinorm,Tệp được tạo ngày một tháng hai năm hai nghìn không trăm hai mươi sáu .,,,cluster_unknown,lexical_or_semantic_mismatch,True,
year_date_018,Tôi sẽ quay lại vào ngày 7.,Tôi sẽ quay lại vào ngày mùng bảy.,current_rule,Tôi sẽ quay lại vào ngày bảy.,,,cluster_unknown,lexical_or_semantic_mismatch,True,
year_date_018,Tôi sẽ quay lại vào ngày 7.,Tôi sẽ quay lại vào ngày mùng bảy.,num2words_vi,Tôi sẽ quay lại vào ngày bảy.,,,cluster_unknown,lexical_or_semantic_mismatch,True,
year_date_018,Tôi sẽ quay lại vào ngày 7.,Tôi sẽ quay lại vào ngày mùng bảy.,vietnormalizer,tôi sẽ quay lại vào ngày bảy.,,,cluster_unknown,lexical_or_semantic_mismatch,True,
year_date_018,Tôi sẽ quay lại vào ngày 7.,Tôi sẽ quay lại vào ngày mùng bảy.,soe_vinorm,Tôi sẽ quay lại vào ngày bảy .,,,cluster_unknown,lexical_or_semantic_mismatch,True,
year_date_019,Lịch khám ghi ngày 02/03.,Lịch khám ghi ngày mùng hai tháng ba.,current_rule,Lịch khám ghi ngày hai phần ba.,,,cluster_unknown,lexical_or_semantic_mismatch,True,
year_date_019,Lịch khám ghi ngày 02/03.,Lịch khám ghi ngày mùng hai tháng ba.,num2words_vi,Lịch khám ghi ngày hai/ba.,,,cluster_unknown,lexical_or_semantic_mismatch,True,
year_date_019,Lịch khám ghi ngày 02/03.,Lịch khám ghi ngày mùng hai tháng ba.,vietnormalizer,lịch khám ghi ngày hai tháng ba.,,,cluster_unknown,lexical_or_semantic_mismatch,True,
year_date_019,Lịch khám ghi ngày 02/03.,Lịch khám ghi ngày mùng hai tháng ba.,soe_vinorm,Lịch khám ghi ngày hai tháng ba .,,,cluster_unknown,lexical_or_semantic_mismatch,True,
year_date_020,Hạn nộp là 31/12/2026.,Hạn nộp là ngày ba mốt tháng mười hai năm hai nghìn không trăm hai mươi sáu.,current_rule,Hạn nộp là ba mươi mốt tháng mười hai năm hai nghìn không trăm hai mươi sáu.,,,cluster_unknown,lexical_or_semantic_mismatch,True,
year_date_020,Hạn nộp là 31/12/2026.,Hạn nộp là ngày ba mốt tháng mười hai năm hai nghìn không trăm hai mươi sáu.,num2words_vi,Hạn nộp là ba mươi mốt/mười hai/hai nghìn lẻ hai mươi sáu.,,,cluster_unknown,lexical_or_semantic_mismatch,True,
year_date_020,Hạn nộp là 31/12/2026.,Hạn nộp là ngày ba mốt tháng mười hai năm hai nghìn không trăm hai mươi sáu.,vietnormalizer,hạn nộp là ngày ba mươi mốt tháng mười hai năm hai nghìn không trăm hai mươi sáu.,,,cluster_unknown,lexical_or_semantic_mismatch,True,
year_date_020,Hạn nộp là 31/12/2026.,Hạn nộp là ngày ba mốt tháng mười hai năm hai nghìn không trăm hai mươi sáu.,soe_vinorm,Hạn nộp là ba mươi mốt tháng mười hai năm hai nghìn không trăm hai mươi sáu .,,,cluster_unknown,lexical_or_semantic_mismatch,True,
year_date_021,Hệ thống lưu ngày theo định dạng 2026-07-21.,Hệ thống lưu ngày theo định dạng năm hai không hai sáu tháng bảy ngày hai mốt.,current_rule,Hệ thống lưu ngày theo định dạng năm hai không hai sáu tháng bảy ngày hai mốt.,,,cluster_unknown,exact,False,
year_date_021,Hệ thống lưu ngày theo định dạng 2026-07-21.,Hệ thống lưu ngày theo định dạng năm hai không hai sáu tháng bảy ngày hai mốt.,num2words_vi,Hệ thống lưu ngày theo định dạng hai nghìn lẻ hai mươi sáu-bảy-hai mươi mốt.,,,cluster_unknown,lexical_or_semantic_mismatch,True,
year_date_021,Hệ thống lưu ngày theo định dạng 2026-07-21.,Hệ thống lưu ngày theo định dạng năm hai không hai sáu tháng bảy ngày hai mốt.,vietnormalizer,hệ thống lưu ngày theo định dạng hai nghìn không trăm hai mươi sáu-bảy-hai mươi mốt.,,,cluster_unknown,lexical_or_semantic_mismatch,True,
year_date_021,Hệ thống lưu ngày theo định dạng 2026-07-21.,Hệ thống lưu ngày theo định dạng năm hai không hai sáu tháng bảy ngày hai mốt.,soe_vinorm,Hệ thống lưu ngày theo định dạng hai nghìn không trăm hai mươi sáu bảy hai mươi mốt .,,,cluster_unknown,lexical_or_semantic_mismatch,True,
year_date_022,Kỳ thi được tổ chức vào tháng 8/2025.,Kỳ thi được tổ chức vào tháng tám năm hai nghìn không trăm hai mươi lăm.,current_rule,Kỳ thi được tổ chức vào tháng tám phần hai nghìn hai mươi lăm.,,,cluster_unknown,lexical_or_semantic_mismatch,True,
year_date_022,Kỳ thi được tổ chức vào tháng 8/2025.,Kỳ thi được tổ chức vào tháng tám năm hai nghìn không trăm hai mươi lăm.,num2words_vi,Kỳ thi được tổ chức vào tháng tám/hai nghìn lẻ hai mươi lăm.,,,cluster_unknown,lexical_or_semantic_mismatch,True,
year_date_022,Kỳ thi được tổ chức vào tháng 8/2025.,Kỳ thi được tổ chức vào tháng tám năm hai nghìn không trăm hai mươi lăm.,vietnormalizer,kỳ thi được tổ chức vào tháng tám năm hai nghìn không trăm hai mươi lăm.,,,cluster_unknown,lexical_or_semantic_mismatch,True,
year_date_022,Kỳ thi được tổ chức vào tháng 8/2025.,Kỳ thi được tổ chức vào tháng tám năm hai nghìn không trăm hai mươi lăm.,soe_vinorm,Kỳ thi được tổ chức vào tháng tám năm hai nghìn không trăm hai mươi lăm .,,,cluster_unknown,formatting_only,False,
year_date_023,Tết năm 2027 đến khá sớm.,Tết năm hai nghìn không trăm hai mươi bảy đến khá sớm.,current_rule,Tết năm hai nghìn hai mươi bảy đồngến khá sớm.,,,cluster_unknown,lexical_or_semantic_mismatch,True,
year_date_023,Tết năm 2027 đến khá sớm.,Tết năm hai nghìn không trăm hai mươi bảy đến khá sớm.,num2words_vi,Tết năm hai nghìn lẻ hai mươi bảy đến khá sớm.,,,cluster_unknown,lexical_or_semantic_mismatch,True,
year_date_023,Tết năm 2027 đến khá sớm.,Tết năm hai nghìn không trăm hai mươi bảy đến khá sớm.,vietnormalizer,tết năm hai nghìn không trăm hai mươi bảy đến khá sớm.,,,cluster_unknown,lexical_or_semantic_mismatch,True,
year_date_023,Tết năm 2027 đến khá sớm.,Tết năm hai nghìn không trăm hai mươi bảy đến khá sớm.,soe_vinorm,Tết năm hai nghìn không trăm hai mươi bảy đến khá sớm .,,,cluster_unknown,formatting_only,False,
year_date_024,Bản thảo mang ngày 05/06/1999.,Bản thảo mang ngày năm tháng sáu năm một nghìn chín trăm chín mươi chín.,current_rule,Bản thảo mang ngày năm tháng sáu năm một nghìn chín trăm chín mươi chín.,,,cluster_unknown,exact,False,
year_date_024,Bản thảo mang ngày 05/06/1999.,Bản thảo mang ngày năm tháng sáu năm một nghìn chín trăm chín mươi chín.,num2words_vi,Bản thảo mang ngày năm/sáu/một nghìn chín trăm chín mươi chín.,,,cluster_unknown,lexical_or_semantic_mismatch,True,
year_date_024,Bản thảo mang ngày 05/06/1999.,Bản thảo mang ngày năm tháng sáu năm một nghìn chín trăm chín mươi chín.,vietnormalizer,bản thảo mang ngày ngày năm tháng sáu năm một nghìn chín trăm chín mươi chín.,,,cluster_unknown,lexical_or_semantic_mismatch,True,
year_date_024,Bản thảo mang ngày 05/06/1999.,Bản thảo mang ngày năm tháng sáu năm một nghìn chín trăm chín mươi chín.,soe_vinorm,Bản thảo mang ngày năm tháng sáu năm một nghìn chín trăm chín mươi chín .,,,cluster_unknown,formatting_only,False,
year_date_025,Lịch học kéo dài từ 02-06/09/2026.,Lịch học kéo dài từ mùng hai đến mùng sáu tháng chín năm hai nghìn không trăm hai mươi sáu.,current_rule,Lịch học kéo dài từ 02-06/09/2026.,,,cluster_unknown,lexical_or_semantic_mismatch,True,
year_date_025,Lịch học kéo dài từ 02-06/09/2026.,Lịch học kéo dài từ mùng hai đến mùng sáu tháng chín năm hai nghìn không trăm hai mươi sáu.,num2words_vi,Lịch học kéo dài từ hai-sáu/chín/hai nghìn lẻ hai mươi sáu.,,,cluster_unknown,lexical_or_semantic_mismatch,True,
year_date_025,Lịch học kéo dài từ 02-06/09/2026.,Lịch học kéo dài từ mùng hai đến mùng sáu tháng chín năm hai nghìn không trăm hai mươi sáu.,vietnormalizer,lịch học kéo dài từ hai đến sáu tháng chín năm hai nghìn không trăm hai mươi sáu.,,,cluster_unknown,lexical_or_semantic_mismatch,True,
year_date_025,Lịch học kéo dài từ 02-06/09/2026.,Lịch học kéo dài từ mùng hai đến mùng sáu tháng chín năm hai nghìn không trăm hai mươi sáu.,soe_vinorm,Lịch học kéo dài từ hai đến ngày sáu tháng chín năm hai nghìn không trăm hai mươi sáu .,,,cluster_unknown,lexical_or_semantic_mismatch,True,
time_duration_001,Hệ thống sao lưu lúc 00:00.,Hệ thống sao lưu lúc không giờ.,current_rule,Hệ thống sao lưu lúc không giờ không phút.,,,cluster_unknown,lexical_or_semantic_mismatch,True,
time_duration_001,Hệ thống sao lưu lúc 00:00.,Hệ thống sao lưu lúc không giờ.,num2words_vi,Hệ thống sao lưu lúc không:không.,,,cluster_unknown,lexical_or_semantic_mismatch,True,
time_duration_001,Hệ thống sao lưu lúc 00:00.,Hệ thống sao lưu lúc không giờ.,vietnormalizer,hệ thống sao lưu lúc không giờ không phút.,,,cluster_unknown,lexical_or_semantic_mismatch,True,
time_duration_001,Hệ thống sao lưu lúc 00:00.,Hệ thống sao lưu lúc không giờ.,soe_vinorm,Hệ thống sao lưu lúc không giờ không phút .,,,cluster_unknown,lexical_or_semantic_mismatch,True,
time_duration_002,Xe khởi hành lúc 06:05.,Xe khởi hành lúc sáu giờ năm phút.,current_rule,Xe khởi hành lúc sáu giờ năm phút.,,,cluster_unknown,exact,False,
time_duration_002,Xe khởi hành lúc 06:05.,Xe khởi hành lúc sáu giờ năm phút.,num2words_vi,Xe khởi hành lúc sáu:năm.,,,cluster_unknown,lexical_or_semantic_mismatch,True,
time_duration_002,Xe khởi hành lúc 06:05.,Xe khởi hành lúc sáu giờ năm phút.,vietnormalizer,xe khởi hành lúc sáu giờ năm phút.,,,cluster_unknown,lexical_or_semantic_mismatch,True,
time_duration_002,Xe khởi hành lúc 06:05.,Xe khởi hành lúc sáu giờ năm phút.,soe_vinorm,Xe khởi hành lúc sáu giờ năm phút .,,,cluster_unknown,formatting_only,False,
time_duration_003,Tôi ăn sáng lúc 07:30.,Tôi ăn sáng lúc bảy giờ ba mươi phút.,current_rule,Tôi ăn sáng lúc bảy giờ ba mươi phút.,,,cluster_unknown,exact,False,
time_duration_003,Tôi ăn sáng lúc 07:30.,Tôi ăn sáng lúc bảy giờ ba mươi phút.,num2words_vi,Tôi ăn sáng lúc bảy:ba mươi.,,,cluster_unknown,lexical_or_semantic_mismatch,True,
time_duration_003,Tôi ăn sáng lúc 07:30.,Tôi ăn sáng lúc bảy giờ ba mươi phút.,vietnormalizer,tôi ăn sáng lúc bảy giờ ba mươi phút.,,,cluster_unknown,lexical_or_semantic_mismatch,True,
time_duration_003,Tôi ăn sáng lúc 07:30.,Tôi ăn sáng lúc bảy giờ ba mươi phút.,soe_vinorm,Tôi ăn sáng lúc bảy giờ ba mươi phút .,,,cluster_unknown,formatting_only,False,
time_duration_004,Cuộc họp bắt đầu lúc 9h.,Cuộc họp bắt đầu lúc chín giờ.,current_rule,Cuộc họp bắt đầu lúc 9h.,,,cluster_unknown,lexical_or_semantic_mismatch,True,
time_duration_004,Cuộc họp bắt đầu lúc 9h.,Cuộc họp bắt đầu lúc chín giờ.,num2words_vi,Cuộc họp bắt đầu lúc chính.,,,cluster_unknown,lexical_or_semantic_mismatch,True,
time_duration_004,Cuộc họp bắt đầu lúc 9h.,Cuộc họp bắt đầu lúc chín giờ.,vietnormalizer,cuộc họp bắt đầu lúc chín giờ.,,,cluster_unknown,lexical_or_semantic_mismatch,True,
time_duration_004,Cuộc họp bắt đầu lúc 9h.,Cuộc họp bắt đầu lúc chín giờ.,soe_vinorm,Cuộc họp bắt đầu lúc chín giờ .,,,cluster_unknown,formatting_only,False,
time_duration_005,Chuông reo lúc 12:00.,Chuông reo lúc mười hai giờ.,current_rule,Chuông reo lúc mười hai giờ không phút.,,,cluster_unknown,lexical_or_semantic_mismatch,True,
time_duration_005,Chuông reo lúc 12:00.,Chuông reo lúc mười hai giờ.,num2words_vi,Chuông reo lúc mười hai:không.,,,cluster_unknown,lexical_or_semantic_mismatch,True,
time_duration_005,Chuông reo lúc 12:00.,Chuông reo lúc mười hai giờ.,vietnormalizer,chuông reo lúc mười hai giờ không phút.,,,cluster_unknown,lexical_or_semantic_mismatch,True,
time_duration_005,Chuông reo lúc 12:00.,Chuông reo lúc mười hai giờ.,soe_vinorm,Chuông reo lúc mười hai không .,,,cluster_unknown,lexical_or_semantic_mismatch,True,
time_duration_006,Chúng ta nghỉ trưa lúc 12:30.,Chúng ta nghỉ trưa lúc mười hai giờ ba mươi phút.,current_rule,Chúng ta nghỉ trưa lúc mười hai giờ ba mươi phút.,,,cluster_unknown,exact,False,
time_duration_006,Chúng ta nghỉ trưa lúc 12:30.,Chúng ta nghỉ trưa lúc mười hai giờ ba mươi phút.,num2words_vi,Chúng ta nghỉ trưa lúc mười hai:ba mươi.,,,cluster_unknown,lexical_or_semantic_mismatch,True,
time_duration_006,Chúng ta nghỉ trưa lúc 12:30.,Chúng ta nghỉ trưa lúc mười hai giờ ba mươi phút.,vietnormalizer,chúng ta nghỉ trưa lúc mười hai giờ ba mươi phút.,,,cluster_unknown,lexical_or_semantic_mismatch,True,
time_duration_006,Chúng ta nghỉ trưa lúc 12:30.,Chúng ta nghỉ trưa lúc mười hai giờ ba mươi phút.,soe_vinorm,Chúng ta nghỉ trưa lúc mười hai ba mươi .,,,cluster_unknown,lexical_or_semantic_mismatch,True,
time_duration_007,Chuyến bay cất cánh lúc 13:45.,Chuyến bay cất cánh lúc mười ba giờ bốn mươi lăm phút.,current_rule,Chuyến bay cất cánh lúc mười ba giờ bốn mươi lăm phút.,,,cluster_unknown,exact,False,
time_duration_007,Chuyến bay cất cánh lúc 13:45.,Chuyến bay cất cánh lúc mười ba giờ bốn mươi lăm phút.,num2words_vi,Chuyến bay cất cánh lúc mười ba:bốn mươi lăm.,,,cluster_unknown,lexical_or_semantic_mismatch,True,
time_duration_007,Chuyến bay cất cánh lúc 13:45.,Chuyến bay cất cánh lúc mười ba giờ bốn mươi lăm phút.,vietnormalizer,chuyến bay cất cánh lúc mười ba giờ bốn mươi lăm phút.,,,cluster_unknown,lexical_or_semantic_mismatch,True,
time_duration_007,Chuyến bay cất cánh lúc 13:45.,Chuyến bay cất cánh lúc mười ba giờ bốn mươi lăm phút.,soe_vinorm,Chuyến bay cất cánh lúc mười ba bốn mươi lăm .,,,cluster_unknown,lexical_or_semantic_mismatch,True,
time_duration_008,Bản tin phát lúc 18h05.,Bản tin phát lúc mười tám giờ năm phút.,current_rule,Bản tin phát lúc 18h05.,,,cluster_unknown,lexical_or_semantic_mismatch,True,
time_duration_008,Bản tin phát lúc 18h05.,Bản tin phát lúc mười tám giờ năm phút.,num2words_vi,Bản tin phát lúc mười támhnăm.,,,cluster_unknown,lexical_or_semantic_mismatch,True,
time_duration_008,Bản tin phát lúc 18h05.,Bản tin phát lúc mười tám giờ năm phút.,vietnormalizer,bản tin phát lúc mười tám giờ năm.,,,cluster_unknown,lexical_or_semantic_mismatch,True,
time_duration_008,Bản tin phát lúc 18h05.,Bản tin phát lúc mười tám giờ năm phút.,soe_vinorm,Bản tin phát lúc mười tám giờ năm phút .,,,cluster_unknown,formatting_only,False,
time_duration_009,Cửa hàng đóng cửa lúc 23:59.,Cửa hàng đóng cửa lúc hai mươi ba giờ năm mươi chín phút.,current_rule,Cửa hàng đóng cửa lúc hai mươi ba giờ năm mươi chín phút.,,,cluster_unknown,exact,False,corrected gold documented
time_duration_009,Cửa hàng đóng cửa lúc 23:59.,Cửa hàng đóng cửa lúc hai mươi ba giờ năm mươi chín phút.,num2words_vi,Cửa hàng đóng cửa lúc hai mươi ba:năm mươi chín.,,,cluster_unknown,lexical_or_semantic_mismatch,True,corrected gold documented
time_duration_009,Cửa hàng đóng cửa lúc 23:59.,Cửa hàng đóng cửa lúc hai mươi ba giờ năm mươi chín phút.,vietnormalizer,cửa hàng đóng cửa lúc hai mươi ba giờ năm mươi chín phút.,,,cluster_unknown,lexical_or_semantic_mismatch,True,corrected gold documented
time_duration_009,Cửa hàng đóng cửa lúc 23:59.,Cửa hàng đóng cửa lúc hai mươi ba giờ năm mươi chín phút.,soe_vinorm,Cửa hàng đóng cửa lúc hai mươi ba năm mươi chín .,,,cluster_unknown,lexical_or_semantic_mismatch,True,corrected gold documented
time_duration_010,Buổi phỏng vấn kéo dài 2:30:00.,Buổi phỏng vấn kéo dài hai giờ ba mươi phút.,current_rule,Buổi phỏng vấn kéo dài hai giờ ba mươi phút:không không.,,,cluster_unknown,lexical_or_semantic_mismatch,True,
time_duration_010,Buổi phỏng vấn kéo dài 2:30:00.,Buổi phỏng vấn kéo dài hai giờ ba mươi phút.,num2words_vi,Buổi phỏng vấn kéo dài hai:ba mươi:không.,,,cluster_unknown,lexical_or_semantic_mismatch,True,
time_duration_010,Buổi phỏng vấn kéo dài 2:30:00.,Buổi phỏng vấn kéo dài hai giờ ba mươi phút.,vietnormalizer,buổi phỏng vấn kéo dài hai giờ ba mươi phút không giây.,,,cluster_unknown,lexical_or_semantic_mismatch,True,
time_duration_010,Buổi phỏng vấn kéo dài 2:30:00.,Buổi phỏng vấn kéo dài hai giờ ba mươi phút.,soe_vinorm,Buổi phỏng vấn kéo dài hai ba mươi không .,,,cluster_unknown,lexical_or_semantic_mismatch,True,
time_duration_011,Hãy tua video đến 02:30.,Hãy tua video đến hai phút ba mươi giây.,current_rule,Hãy tua video đến hai giờ ba mươi phút.,,,cluster_unknown,lexical_or_semantic_mismatch,True,
time_duration_011,Hãy tua video đến 02:30.,Hãy tua video đến hai phút ba mươi giây.,num2words_vi,Hãy tua video đến hai:ba mươi.,,,cluster_unknown,lexical_or_semantic_mismatch,True,
time_duration_011,Hãy tua video đến 02:30.,Hãy tua video đến hai phút ba mươi giây.,vietnormalizer,hãy tua vi-đê-ô đến hai giờ ba mươi phút.,,,cluster_unknown,lexical_or_semantic_mismatch,True,
time_duration_011,Hãy tua video đến 02:30.,Hãy tua video đến hai phút ba mươi giây.,soe_vinorm,Hãy tua video đến hai giờ ba mươi phút .,,,cluster_unknown,lexical_or_semantic_mismatch,True,
time_duration_012,Bài chạy hoàn thành trong 01:02:03.,Bài chạy hoàn thành trong một giờ hai phút ba giây.,current_rule,Bài chạy hoàn thành trong một giờ hai phút:không ba.,,,cluster_unknown,lexical_or_semantic_mismatch,True,
time_duration_012,Bài chạy hoàn thành trong 01:02:03.,Bài chạy hoàn thành trong một giờ hai phút ba giây.,num2words_vi,Bài chạy hoàn thành trong một:hai:ba.,,,cluster_unknown,lexical_or_semantic_mismatch,True,
time_duration_012,Bài chạy hoàn thành trong 01:02:03.,Bài chạy hoàn thành trong một giờ hai phút ba giây.,vietnormalizer,bài chạy hoàn thành trong một giờ hai phút ba giây.,,,cluster_unknown,lexical_or_semantic_mismatch,True,
time_duration_012,Bài chạy hoàn thành trong 01:02:03.,Bài chạy hoàn thành trong một giờ hai phút ba giây.,soe_vinorm,Bài chạy hoàn thành trong một hai ba .,,,cluster_unknown,lexical_or_semantic_mismatch,True,
time_duration_013,Dịch vụ hỗ trợ hoạt động 24/7.,Dịch vụ hỗ trợ hoạt động hai mươi tư trên bảy.,current_rule,Dịch vụ hỗ trợ hoạt động hai mươi tư phần bảy.,,,cluster_unknown,lexical_or_semantic_mismatch,True,
time_duration_013,Dịch vụ hỗ trợ hoạt động 24/7.,Dịch vụ hỗ trợ hoạt động hai mươi tư trên bảy.,num2words_vi,Dịch vụ hỗ trợ hoạt động hai mươi bốn/bảy.,,,cluster_unknown,lexical_or_semantic_mismatch,True,
time_duration_013,Dịch vụ hỗ trợ hoạt động 24/7.,Dịch vụ hỗ trợ hoạt động hai mươi tư trên bảy.,vietnormalizer,dịch vụ hỗ trợ hoạt động hai mươi tư tháng bảy.,,,cluster_unknown,lexical_or_semantic_mismatch,True,
time_duration_013,Dịch vụ hỗ trợ hoạt động 24/7.,Dịch vụ hỗ trợ hoạt động hai mươi tư trên bảy.,soe_vinorm,Dịch vụ hỗ trợ hoạt động hai mươi tư trên bảy .,,,cluster_unknown,formatting_only,False,
time_duration_014,Văn phòng mở cửa từ 9-11h.,Văn phòng mở cửa từ chín đến mười một giờ.,current_rule,Văn phòng mở cửa từ 9-11h.,,,cluster_unknown,lexical_or_semantic_mismatch,True,
time_duration_014,Văn phòng mở cửa từ 9-11h.,Văn phòng mở cửa từ chín đến mười một giờ.,num2words_vi,Văn phòng mở cửa từ chín-mười mộth.,,,cluster_unknown,lexical_or_semantic_mismatch,True,
time_duration_014,Văn phòng mở cửa từ 9-11h.,Văn phòng mở cửa từ chín đến mười một giờ.,vietnormalizer,văn phòng mở cửa từ chín tháng mười mộth.,,,cluster_unknown,lexical_or_semantic_mismatch,True,
time_duration_014,Văn phòng mở cửa từ 9-11h.,Văn phòng mở cửa từ chín đến mười một giờ.,soe_vinorm,Văn phòng mở cửa từ chín đến mười một giờ .,,,cluster_unknown,formatting_only,False,
time_duration_015,Đồng hồ đếm ngược còn 00:05.,Đồng hồ đếm ngược còn năm giây.,current_rule,Đồng hồ đếm ngược còn không giờ năm phút.,,,cluster_unknown,lexical_or_semantic_mismatch,True,
time_duration_015,Đồng hồ đếm ngược còn 00:05.,Đồng hồ đếm ngược còn năm giây.,num2words_vi,Đồng hồ đếm ngược còn không:năm.,,,cluster_unknown,lexical_or_semantic_mismatch,True,
time_duration_015,Đồng hồ đếm ngược còn 00:05.,Đồng hồ đếm ngược còn năm giây.,vietnormalizer,đồng hồ đếm ngược còn không giờ năm phút.,,,cluster_unknown,lexical_or_semantic_mismatch,True,
time_duration_015,Đồng hồ đếm ngược còn 00:05.,Đồng hồ đếm ngược còn năm giây.,soe_vinorm,Đồng hồ đếm ngược còn không giờ năm phút .,,,cluster_unknown,lexical_or_semantic_mismatch,True,
phone_001,Số điện thoại của tôi là 0903120508.,"Số điện thoại của tôi là không chín không ba, một hai không, năm không tám.",current_rule,Số điện thoại của tôi là không chín không ba một hai không năm không tám.,,,cluster_unknown,lexical_or_semantic_mismatch,True,
phone_001,Số điện thoại của tôi là 0903120508.,"Số điện thoại của tôi là không chín không ba, một hai không, năm không tám.",num2words_vi,Số điện thoại của tôi là chín trăm lẻ ba triệu một trăm hai mươi nghìn năm trăm lẻ tám.,,,cluster_unknown,lexical_or_semantic_mismatch,True,
phone_001,Số điện thoại của tôi là 0903120508.,"Số điện thoại của tôi là không chín không ba, một hai không, năm không tám.",vietnormalizer,số điện thoại của tôi là không chín không ba một hai không năm không tám.,,,cluster_unknown,lexical_or_semantic_mismatch,True,
phone_001,Số điện thoại của tôi là 0903120508.,"Số điện thoại của tôi là không chín không ba, một hai không, năm không tám.",soe_vinorm,Số điện thoại của tôi là không chín không ba một hai không năm không tám .,,,cluster_unknown,lexical_or_semantic_mismatch,True,
phone_002,Hãy gọi 0987 654 321.,"Hãy gọi không chín tám bảy, sáu năm bốn, ba hai một.",current_rule,Hãy gọi không chín tám bảy sáu năm bốn ba hai một.,,,cluster_unknown,lexical_or_semantic_mismatch,True,
phone_002,Hãy gọi 0987 654 321.,"Hãy gọi không chín tám bảy, sáu năm bốn, ba hai một.",num2words_vi,Hãy gọi chín trăm tám mươi bảy sáu trăm năm mươi bốn ba trăm hai mươi mốt.,,,cluster_unknown,lexical_or_semantic_mismatch,True,
phone_002,Hãy gọi 0987 654 321.,"Hãy gọi không chín tám bảy, sáu năm bốn, ba hai một.",vietnormalizer,hãy gọi chín trăm tám mươi bảy sáu trăm năm mươi tư ba trăm hai mươi mốt.,,,cluster_unknown,lexical_or_semantic_mismatch,True,
phone_002,Hãy gọi 0987 654 321.,"Hãy gọi không chín tám bảy, sáu năm bốn, ba hai một.",soe_vinorm,Hãy gọi không chín tám bảy sáu năm bốn ba hai một .,,,cluster_unknown,lexical_or_semantic_mismatch,True,
phone_003,Số liên hệ là 0912-345-678.,"Số liên hệ là không chín một hai, ba bốn năm, sáu bảy tám.",current_rule,Số liên hệ là không chín một hai ba bốn năm sáu bảy tám.,,,cluster_unknown,lexical_or_semantic_mismatch,True,
phone_003,Số liên hệ là 0912-345-678.,"Số liên hệ là không chín một hai, ba bốn năm, sáu bảy tám.",num2words_vi,Số liên hệ là chín trăm mười hai-ba trăm bốn mươi lăm-sáu trăm bảy mươi tám.,,,cluster_unknown,lexical_or_semantic_mismatch,True,
phone_003,Số liên hệ là 0912-345-678.,"Số liên hệ là không chín một hai, ba bốn năm, sáu bảy tám.",vietnormalizer,số liên hệ là chín trăm mười hai-ba trăm bốn mươi lăm-sáu trăm bảy mươi tám.,,,cluster_unknown,lexical_or_semantic_mismatch,True,
phone_003,Số liên hệ là 0912-345-678.,"Số liên hệ là không chín một hai, ba bốn năm, sáu bảy tám.",soe_vinorm,Số liên hệ là chín trăm mười hai ba trăm bốn mươi lăm sáu trăm bảy mươi tám .,,,cluster_unknown,lexical_or_semantic_mismatch,True,
phone_004,"Từ nước ngoài, hãy gọi +84 903 120 508.","Từ nước ngoài, hãy gọi cộng tám bốn, chín không ba, một hai không, năm không tám.",current_rule,"Từ nước ngoài, hãy gọi tám bốn chín không ba một hai không năm không tám.",,,cluster_unknown,lexical_or_semantic_mismatch,True,
phone_004,"Từ nước ngoài, hãy gọi +84 903 120 508.","Từ nước ngoài, hãy gọi cộng tám bốn, chín không ba, một hai không, năm không tám.",num2words_vi,"Từ nước ngoài, hãy gọi +tám mươi bốn chín trăm lẻ ba một trăm hai mươi năm trăm lẻ tám.",,,cluster_unknown,lexical_or_semantic_mismatch,True,
phone_004,"Từ nước ngoài, hãy gọi +84 903 120 508.","Từ nước ngoài, hãy gọi cộng tám bốn, chín không ba, một hai không, năm không tám.",vietnormalizer,"từ nước ngoài, hãy gọi +tám mươi tư chín trăm lẻ ba một trăm hai mươi năm trăm lẻ tám.",,,cluster_unknown,lexical_or_semantic_mismatch,True,
phone_004,"Từ nước ngoài, hãy gọi +84 903 120 508.","Từ nước ngoài, hãy gọi cộng tám bốn, chín không ba, một hai không, năm không tám.",soe_vinorm,"Từ nước ngoài , hãy gọi + tám bốn chín không ba một hai không năm không tám .",,,cluster_unknown,lexical_or_semantic_mismatch,True,
phone_005,Tổng đài miễn phí là 1800 1090.,"Tổng đài miễn phí là một tám không không, một không chín không.",current_rule,Tổng đài miễn phí là một tám không không một không chín không.,,,cluster_unknown,lexical_or_semantic_mismatch,True,
phone_005,Tổng đài miễn phí là 1800 1090.,"Tổng đài miễn phí là một tám không không, một không chín không.",num2words_vi,Tổng đài miễn phí là một nghìn tám trăm một nghìn lẻ chín mươi.,,,cluster_unknown,lexical_or_semantic_mismatch,True,
phone_005,Tổng đài miễn phí là 1800 1090.,"Tổng đài miễn phí là một tám không không, một không chín không.",vietnormalizer,tổng đài miễn phí là một nghìn tám trăm một nghìn không trăm chín mươi.,,,cluster_unknown,lexical_or_semantic_mismatch,True,
phone_005,Tổng đài miễn phí là 1800 1090.,"Tổng đài miễn phí là một tám không không, một không chín không.",soe_vinorm,Tổng đài miễn phí là một nghìn tám trăm một nghìn không trăm chín mươi .,,,cluster_unknown,lexical_or_semantic_mismatch,True,
phone_006,Gọi 1900 5454 49 để được tư vấn.,"Gọi một chín không không, năm bốn năm bốn, bốn chín để được tư vấn.",current_rule,Gọi một chín không không năm bốn năm bốn bốn chín để được tư vấn.,,,cluster_unknown,lexical_or_semantic_mismatch,True,
phone_006,Gọi 1900 5454 49 để được tư vấn.,"Gọi một chín không không, năm bốn năm bốn, bốn chín để được tư vấn.",num2words_vi,Gọi một nghìn chín trăm năm nghìn bốn trăm năm mươi bốn bốn mươi chín để được tư vấn.,,,cluster_unknown,lexical_or_semantic_mismatch,True,
phone_006,Gọi 1900 5454 49 để được tư vấn.,"Gọi một chín không không, năm bốn năm bốn, bốn chín để được tư vấn.",vietnormalizer,gọi một nghìn chín trăm năm nghìn bốn trăm năm mươi tư bốn mươi chín để được tư vấn.,,,cluster_unknown,lexical_or_semantic_mismatch,True,
phone_006,Gọi 1900 5454 49 để được tư vấn.,"Gọi một chín không không, năm bốn năm bốn, bốn chín để được tư vấn.",soe_vinorm,Gọi một chín không không năm bốn năm bốn bốn chín để được tư vấn .,,,cluster_unknown,lexical_or_semantic_mismatch,True,
phone_007,"Khi có cháy, hãy gọi 114.","Khi có cháy, hãy gọi một một bốn.",current_rule,"Khi có cháy, hãy gọi 114.",,,cluster_unknown,lexical_or_semantic_mismatch,True,
phone_007,"Khi có cháy, hãy gọi 114.","Khi có cháy, hãy gọi một một bốn.",num2words_vi,"Khi có cháy, hãy gọi một trăm mười bốn.",,,cluster_unknown,lexical_or_semantic_mismatch,True,
phone_007,"Khi có cháy, hãy gọi 114.","Khi có cháy, hãy gọi một một bốn.",vietnormalizer,"khi có cháy, hãy gọi một trăm mười bốn.",,,cluster_unknown,lexical_or_semantic_mismatch,True,
phone_007,"Khi có cháy, hãy gọi 114.","Khi có cháy, hãy gọi một một bốn.",soe_vinorm,"Khi có cháy , hãy gọi một trăm mười bốn .",,,cluster_unknown,lexical_or_semantic_mismatch,True,
phone_008,"Khi cần cấp cứu, hãy gọi 115.","Khi cần cấp cứu, hãy gọi một một năm.",current_rule,"Khi cần cấp cứu, hãy gọi một một năm.",,,cluster_unknown,exact,False,
phone_008,"Khi cần cấp cứu, hãy gọi 115.","Khi cần cấp cứu, hãy gọi một một năm.",num2words_vi,"Khi cần cấp cứu, hãy gọi một trăm mười lăm.",,,cluster_unknown,lexical_or_semantic_mismatch,True,
phone_008,"Khi cần cấp cứu, hãy gọi 115.","Khi cần cấp cứu, hãy gọi một một năm.",vietnormalizer,"khi cần cấp cứu, hãy gọi một trăm mười lăm.",,,cluster_unknown,lexical_or_semantic_mismatch,True,
phone_008,"Khi cần cấp cứu, hãy gọi 115.","Khi cần cấp cứu, hãy gọi một một năm.",soe_vinorm,"Khi cần cấp cứu , hãy gọi một trăm mười lăm .",,,cluster_unknown,lexical_or_semantic_mismatch,True,
phone_009,"Khi cần báo công an, hãy gọi 113.","Khi cần báo công an, hãy gọi một một ba.",current_rule,"Khi cần báo công an, hãy gọi một một ba.",,,cluster_unknown,exact,False,
phone_009,"Khi cần báo công an, hãy gọi 113.","Khi cần báo công an, hãy gọi một một ba.",num2words_vi,"Khi cần báo công an, hãy gọi một trăm mười ba.",,,cluster_unknown,lexical_or_semantic_mismatch,True,
phone_009,"Khi cần báo công an, hãy gọi 113.","Khi cần báo công an, hãy gọi một một ba.",vietnormalizer,"khi cần báo công an, hãy gọi một trăm mười ba.",,,cluster_unknown,lexical_or_semantic_mismatch,True,
phone_009,"Khi cần báo công an, hãy gọi 113.","Khi cần báo công an, hãy gọi một một ba.",soe_vinorm,"Khi cần báo công an , hãy gọi một trăm mười ba .",,,cluster_unknown,lexical_or_semantic_mismatch,True,
phone_010,Số điện thoại bàn là 024 3825 1234.,"Số điện thoại bàn là không hai bốn, ba tám hai năm, một hai ba bốn.",current_rule,Số điện thoại bàn là không hai bốn ba tám hai năm một hai ba bốn.,,,cluster_unknown,lexical_or_semantic_mismatch,True,
phone_010,Số điện thoại bàn là 024 3825 1234.,"Số điện thoại bàn là không hai bốn, ba tám hai năm, một hai ba bốn.",num2words_vi,Số điện thoại bàn là hai mươi bốn ba nghìn tám trăm hai mươi lăm một nghìn hai trăm ba mươi bốn.,,,cluster_unknown,lexical_or_semantic_mismatch,True,
phone_010,Số điện thoại bàn là 024 3825 1234.,"Số điện thoại bàn là không hai bốn, ba tám hai năm, một hai ba bốn.",vietnormalizer,số điện thoại bàn là hai mươi tư ba nghìn tám trăm hai mươi lăm một nghìn hai trăm ba mươi tư.,,,cluster_unknown,lexical_or_semantic_mismatch,True,
phone_010,Số điện thoại bàn là 024 3825 1234.,"Số điện thoại bàn là không hai bốn, ba tám hai năm, một hai ba bốn.",soe_vinorm,Số điện thoại bàn là không hai bốn ba tám hai năm một hai ba bốn .,,,cluster_unknown,lexical_or_semantic_mismatch,True,
phone_011,Số máy lẻ của tôi là 203.,Số máy lẻ của tôi là hai không ba.,current_rule,Số máy lẻ của tôi là hai trăm linh ba.,,,cluster_unknown,lexical_or_semantic_mismatch,True,
phone_011,Số máy lẻ của tôi là 203.,Số máy lẻ của tôi là hai không ba.,num2words_vi,Số máy lẻ của tôi là hai trăm lẻ ba.,,,cluster_unknown,lexical_or_semantic_mismatch,True,
phone_011,Số máy lẻ của tôi là 203.,Số máy lẻ của tôi là hai không ba.,vietnormalizer,số máy lẻ của tôi là hai trăm lẻ ba.,,,cluster_unknown,lexical_or_semantic_mismatch,True,
phone_011,Số máy lẻ của tôi là 203.,Số máy lẻ của tôi là hai không ba.,soe_vinorm,Số máy lẻ của tôi là hai trăm linh ba .,,,cluster_unknown,lexical_or_semantic_mismatch,True,
phone_012,Hãy gọi đường dây 1080.,Hãy gọi đường dây một không tám không.,current_rule,Hãy gọi đường dây một không tám không.,,,cluster_unknown,exact,False,
phone_012,Hãy gọi đường dây 1080.,Hãy gọi đường dây một không tám không.,num2words_vi,Hãy gọi đường dây một nghìn lẻ tám mươi.,,,cluster_unknown,lexical_or_semantic_mismatch,True,
phone_012,Hãy gọi đường dây 1080.,Hãy gọi đường dây một không tám không.,vietnormalizer,hãy gọi đường dây một nghìn không trăm tám mươi.,,,cluster_unknown,lexical_or_semantic_mismatch,True,
phone_012,Hãy gọi đường dây 1080.,Hãy gọi đường dây một không tám không.,soe_vinorm,Hãy gọi đường dây một nghìn không trăm tám mươi .,,,cluster_unknown,lexical_or_semantic_mismatch,True,
phone_013,Số mới của cô ấy là 0326123456.,"Số mới của cô ấy là không ba hai sáu, một hai ba, bốn năm sáu.",current_rule,Số mới của cô ấy là không ba hai sáu một hai ba bốn năm sáu.,,,cluster_unknown,lexical_or_semantic_mismatch,True,
phone_013,Số mới của cô ấy là 0326123456.,"Số mới của cô ấy là không ba hai sáu, một hai ba, bốn năm sáu.",num2words_vi,Số mới của cô ấy là ba trăm hai mươi sáu triệu một trăm hai mươi ba nghìn bốn trăm năm mươi sáu.,,,cluster_unknown,lexical_or_semantic_mismatch,True,
phone_013,Số mới của cô ấy là 0326123456.,"Số mới của cô ấy là không ba hai sáu, một hai ba, bốn năm sáu.",vietnormalizer,số mới của cô ấy là không ba hai sáu một hai ba bốn năm sáu.,,,cluster_unknown,lexical_or_semantic_mismatch,True,
phone_013,Số mới của cô ấy là 0326123456.,"Số mới của cô ấy là không ba hai sáu, một hai ba, bốn năm sáu.",soe_vinorm,Số mới của cô ấy là không ba hai sáu một hai ba bốn năm sáu .,,,cluster_unknown,lexical_or_semantic_mismatch,True,
phone_014,Liên hệ qua số 0888.123.456.,"Liên hệ qua số không tám tám tám, một hai ba, bốn năm sáu.",current_rule,Liên hệ qua số không tám tám tám một hai ba bốn năm sáu.,,,cluster_unknown,lexical_or_semantic_mismatch,True,
phone_014,Liên hệ qua số 0888.123.456.,"Liên hệ qua số không tám tám tám, một hai ba, bốn năm sáu.",num2words_vi,Liên hệ qua số tám trăm tám mươi tám.một trăm hai mươi ba.bốn trăm năm mươi sáu.,,,cluster_unknown,lexical_or_semantic_mismatch,True,
phone_014,Liên hệ qua số 0888.123.456.,"Liên hệ qua số không tám tám tám, một hai ba, bốn năm sáu.",vietnormalizer,liên hệ qua số tám trăm tám mươi tám.một trăm hai mươi ba.bốn trăm năm mươi sáu.,,,cluster_unknown,lexical_or_semantic_mismatch,True,
phone_014,Liên hệ qua số 0888.123.456.,"Liên hệ qua số không tám tám tám, một hai ba, bốn năm sáu.",soe_vinorm,Liên hệ qua số không tám tám tám . một hai ba . bốn năm sáu .,,,cluster_unknown,lexical_or_semantic_mismatch,True,
phone_015,Số fax là (028) 3910 1234.,"Số fax là không hai tám, ba chín một không, một hai ba bốn.",current_rule,Số fax là (không hai tám ba chín một không một hai ba bốn.,,,cluster_unknown,lexical_or_semantic_mismatch,True,
phone_015,Số fax là (028) 3910 1234.,"Số fax là không hai tám, ba chín một không, một hai ba bốn.",num2words_vi,Số fax là (hai mươi tám) ba nghìn chín trăm mười một nghìn hai trăm ba mươi bốn.,,,cluster_unknown,lexical_or_semantic_mismatch,True,
phone_015,Số fax là (028) 3910 1234.,"Số fax là không hai tám, ba chín một không, một hai ba bốn.",vietnormalizer,số fax là hai mươi tám ba nghìn chín trăm mười một nghìn hai trăm ba mươi tư.,,,cluster_unknown,lexical_or_semantic_mismatch,True,
phone_015,Số fax là (028) 3910 1234.,"Số fax là không hai tám, ba chín một không, một hai ba bốn.",soe_vinorm,Số fax là không hai tám ba chín một không một hai ba bốn .,,,cluster_unknown,lexical_or_semantic_mismatch,True,
identifier_001,Mã xác nhận là 105.,Mã xác nhận là một không năm.,current_rule,Mã xác nhận là một không năm.,,,cluster_unknown,exact,False,
identifier_001,Mã xác nhận là 105.,Mã xác nhận là một không năm.,num2words_vi,Mã xác nhận là một trăm lẻ năm.,,,cluster_unknown,lexical_or_semantic_mismatch,True,
identifier_001,Mã xác nhận là 105.,Mã xác nhận là một không năm.,vietnormalizer,mã xác nhận là một trăm lẻ năm.,,,cluster_unknown,lexical_or_semantic_mismatch,True,
identifier_001,Mã xác nhận là 105.,Mã xác nhận là một không năm.,soe_vinorm,Mã xác nhận là một trăm linh năm .,,,cluster_unknown,lexical_or_semantic_mismatch,True,
identifier_002,Mã điệp viên là 007.,Mã điệp viên là không không bảy.,current_rule,Mã điệp viên là không không bảy.,,,cluster_unknown,exact,False,
identifier_002,Mã điệp viên là 007.,Mã điệp viên là không không bảy.,num2words_vi,Mã điệp viên là bảy.,,,cluster_unknown,lexical_or_semantic_mismatch,True,
identifier_002,Mã điệp viên là 007.,Mã điệp viên là không không bảy.,vietnormalizer,mã điệp viên là bảy.,,,cluster_unknown,lexical_or_semantic_mismatch,True,
identifier_002,Mã điệp viên là 007.,Mã điệp viên là không không bảy.,soe_vinorm,Mã điệp viên là không không bảy .,,,cluster_unknown,formatting_only,False,
identifier_003,Mã dùng một lần của bạn là 038204.,Mã dùng một lần của bạn là không ba tám hai không bốn.,current_rule,Mã dùng một lần của bạn là không ba tám hai không bốn.,,,cluster_unknown,exact,False,
identifier_003,Mã dùng một lần của bạn là 038204.,Mã dùng một lần của bạn là không ba tám hai không bốn.,num2words_vi,Mã dùng một lần của bạn là ba mươi tám nghìn hai trăm lẻ bốn.,,,cluster_unknown,lexical_or_semantic_mismatch,True,
identifier_003,Mã dùng một lần của bạn là 038204.,Mã dùng một lần của bạn là không ba tám hai không bốn.,vietnormalizer,mã dùng một lần của bạn là ba mươi tám nghìn hai trăm lẻ bốn.,,,cluster_unknown,lexical_or_semantic_mismatch,True,
identifier_003,Mã dùng một lần của bạn là 038204.,Mã dùng một lần của bạn là không ba tám hai không bốn.,soe_vinorm,Mã dùng một lần của bạn là không ba tám hai không bốn .,,,cluster_unknown,formatting_only,False,
identifier_004,Mã khóa hiện tại là 0000.,Mã khóa hiện tại là không không không không.,current_rule,Mã khóa hiện tại là không không không không.,,,cluster_unknown,exact,False,
identifier_004,Mã khóa hiện tại là 0000.,Mã khóa hiện tại là không không không không.,num2words_vi,Mã khóa hiện tại là không.,,,cluster_unknown,lexical_or_semantic_mismatch,True,
identifier_004,Mã khóa hiện tại là 0000.,Mã khóa hiện tại là không không không không.,vietnormalizer,mã khóa hiện tại là không.,,,cluster_unknown,lexical_or_semantic_mismatch,True,
identifier_004,Mã khóa hiện tại là 0000.,Mã khóa hiện tại là không không không không.,soe_vinorm,Mã khóa hiện tại là không không không không .,,,cluster_unknown,formatting_only,False,
identifier_005,Mã sinh viên của tôi là 20251234.,Mã sinh viên của tôi là hai không hai năm một hai ba bốn.,current_rule,Mã sinh viên của tôi là 20251234.,,,cluster_unknown,lexical_or_semantic_mismatch,True,
identifier_005,Mã sinh viên của tôi là 20251234.,Mã sinh viên của tôi là hai không hai năm một hai ba bốn.,num2words_vi,Mã sinh viên của tôi là hai mươi triệu hai trăm năm mươi mốt nghìn hai trăm ba mươi bốn.,,,cluster_unknown,lexical_or_semantic_mismatch,True,
identifier_005,Mã sinh viên của tôi là 20251234.,Mã sinh viên của tôi là hai không hai năm một hai ba bốn.,vietnormalizer,mã sinh viên của tôi là hai mươi triệu hai trăm năm mươi mốt nghìn hai trăm ba mươi tư.,,,cluster_unknown,lexical_or_semantic_mismatch,True,
identifier_005,Mã sinh viên của tôi là 20251234.,Mã sinh viên của tôi là hai không hai năm một hai ba bốn.,soe_vinorm,Mã sinh viên của tôi là hai mươi triệu hai trăm năm mươi mốt nghìn hai trăm ba mươi tư .,,,cluster_unknown,lexical_or_semantic_mismatch,True,
identifier_006,Số tài khoản là 0011002345678.,Số tài khoản là không không một một không không hai ba bốn năm sáu bảy tám.,current_rule,Số tài khoản là không không một một không không hai ba bốn năm sáu bảy tám.,,,cluster_unknown,exact,False,
identifier_006,Số tài khoản là 0011002345678.,Số tài khoản là không không một một không không hai ba bốn năm sáu bảy tám.,num2words_vi,Số tài khoản là mười một tỷ hai triệu ba trăm bốn mươi lăm nghìn sáu trăm bảy mươi tám.,,,cluster_unknown,lexical_or_semantic_mismatch,True,
identifier_006,Số tài khoản là 0011002345678.,Số tài khoản là không không một một không không hai ba bốn năm sáu bảy tám.,vietnormalizer,số tài khoản là không không một một không không hai ba bốn năm sáu78.,,,cluster_unknown,lexical_or_semantic_mismatch,True,
identifier_006,Số tài khoản là 0011002345678.,Số tài khoản là không không một một không không hai ba bốn năm sáu bảy tám.,soe_vinorm,Số tài khoản là không không một một không không hai ba bốn năm sáu bảy tám .,,,cluster_unknown,formatting_only,False,
identifier_007,Thẻ của bạn có bốn số cuối là 4821.,Thẻ của bạn có bốn số cuối là bốn tám hai một.,current_rule,Thẻ của bạn có bốn số cuối là bốn nghìn tám trăm hai mươi mốt.,,,cluster_unknown,lexical_or_semantic_mismatch,True,
identifier_007,Thẻ của bạn có bốn số cuối là 4821.,Thẻ của bạn có bốn số cuối là bốn tám hai một.,num2words_vi,Thẻ của bạn có bốn số cuối là bốn nghìn tám trăm hai mươi mốt.,,,cluster_unknown,lexical_or_semantic_mismatch,True,
identifier_007,Thẻ của bạn có bốn số cuối là 4821.,Thẻ của bạn có bốn số cuối là bốn tám hai một.,vietnormalizer,thẻ của bạn có bốn số cuối là bốn nghìn tám trăm hai mươi mốt.,,,cluster_unknown,lexical_or_semantic_mismatch,True,
identifier_007,Thẻ của bạn có bốn số cuối là 4821.,Thẻ của bạn có bốn số cuối là bốn tám hai một.,soe_vinorm,Thẻ của bạn có bốn số cuối là bốn nghìn tám trăm hai mươi mốt .,,,cluster_unknown,lexical_or_semantic_mismatch,True,
identifier_008,Đơn hàng mang mã 105.,Đơn hàng mang mã một không năm.,current_rule,Đơn hàng mang mã một không năm.,,,cluster_unknown,exact,False,
identifier_008,Đơn hàng mang mã 105.,Đơn hàng mang mã một không năm.,num2words_vi,Đơn hàng mang mã một trăm lẻ năm.,,,cluster_unknown,lexical_or_semantic_mismatch,True,
identifier_008,Đơn hàng mang mã 105.,Đơn hàng mang mã một không năm.,vietnormalizer,đơn hàng mang mã một trăm lẻ năm.,,,cluster_unknown,lexical_or_semantic_mismatch,True,
identifier_008,Đơn hàng mang mã 105.,Đơn hàng mang mã một không năm.,soe_vinorm,Đơn hàng mang mã một trăm linh năm .,,,cluster_unknown,lexical_or_semantic_mismatch,True,
identifier_009,Mã vận đơn là 0123456789.,Mã vận đơn là không một hai ba bốn năm sáu bảy tám chín.,current_rule,Mã vận đơn là không một hai ba bốn năm sáu bảy tám chín.,,,cluster_unknown,exact,False,
identifier_009,Mã vận đơn là 0123456789.,Mã vận đơn là không một hai ba bốn năm sáu bảy tám chín.,num2words_vi,Mã vận đơn là một trăm hai mươi ba triệu bốn trăm năm mươi sáu nghìn bảy trăm tám mươi chín.,,,cluster_unknown,lexical_or_semantic_mismatch,True,
identifier_009,Mã vận đơn là 0123456789.,Mã vận đơn là không một hai ba bốn năm sáu bảy tám chín.,vietnormalizer,mã vận đơn là không một hai ba bốn năm sáu bảy tám chín.,,,cluster_unknown,lexical_or_semantic_mismatch,True,
identifier_009,Mã vận đơn là 0123456789.,Mã vận đơn là không một hai ba bốn năm sáu bảy tám chín.,soe_vinorm,Mã vận đơn là không một hai ba bốn năm sáu bảy tám chín .,,,cluster_unknown,formatting_only,False,
identifier_010,Mã số thuế của công ty là 0101234567.,Mã số thuế của công ty là không một không một hai ba bốn năm sáu bảy.,current_rule,Mã số thuế của công ty là không một không một hai ba bốn năm sáu bảy.,,,cluster_unknown,exact,False,
identifier_010,Mã số thuế của công ty là 0101234567.,Mã số thuế của công ty là không một không một hai ba bốn năm sáu bảy.,num2words_vi,Mã số thuế của công ty là một trăm lẻ một triệu hai trăm ba mươi bốn nghìn năm trăm sáu mươi bảy.,,,cluster_unknown,lexical_or_semantic_mismatch,True,
identifier_010,Mã số thuế của công ty là 0101234567.,Mã số thuế của công ty là không một không một hai ba bốn năm sáu bảy.,vietnormalizer,mã số thuế của công ty là không một không một hai ba bốn năm sáu bảy.,,,cluster_unknown,lexical_or_semantic_mismatch,True,
identifier_010,Mã số thuế của công ty là 0101234567.,Mã số thuế của công ty là không một không một hai ba bốn năm sáu bảy.,soe_vinorm,Mã số thuế của công ty là không một không một hai ba bốn năm sáu bảy .,,,cluster_unknown,formatting_only,False,
identifier_011,Số căn cước là 001205012345.,Số căn cước là không không một hai không năm không một hai ba bốn năm.,current_rule,Số căn cước là không không một hai không năm không một hai ba bốn năm.,,,cluster_unknown,exact,False,
identifier_011,Số căn cước là 001205012345.,Số căn cước là không không một hai không năm không một hai ba bốn năm.,num2words_vi,Số căn cước là một tỷ hai trăm lẻ năm triệu mười hai nghìn ba trăm bốn mươi lăm.,,,cluster_unknown,lexical_or_semantic_mismatch,True,
identifier_011,Số căn cước là 001205012345.,Số căn cước là không không một hai không năm không một hai ba bốn năm.,vietnormalizer,số căn cước là không không một hai không năm không một hai ba bốn5.,,,cluster_unknown,lexical_or_semantic_mismatch,True,
identifier_011,Số căn cước là 001205012345.,Số căn cước là không không một hai không năm không một hai ba bốn năm.,soe_vinorm,Số căn cước là không không một hai không năm không một hai ba bốn năm .,,,cluster_unknown,formatting_only,False,
identifier_012,Số hộ chiếu là B1234567.,Số hộ chiếu là bê một hai ba bốn năm sáu bảy.,current_rule,Số hộ chiếu là B1234567.,,,cluster_unknown,lexical_or_semantic_mismatch,True,
identifier_012,Số hộ chiếu là B1234567.,Số hộ chiếu là bê một hai ba bốn năm sáu bảy.,num2words_vi,Số hộ chiếu là Bmột triệu hai trăm ba mươi bốn nghìn năm trăm sáu mươi bảy.,,,cluster_unknown,lexical_or_semantic_mismatch,True,
identifier_012,Số hộ chiếu là B1234567.,Số hộ chiếu là bê một hai ba bốn năm sáu bảy.,vietnormalizer,số hộ chiếu là bê một triệu hai trăm ba mươi tư nghìn năm trăm sáu mươi bảy.,,,cluster_unknown,lexical_or_semantic_mismatch,True,
identifier_012,Số hộ chiếu là B1234567.,Số hộ chiếu là bê một hai ba bốn năm sáu bảy.,soe_vinorm,Số hộ chiếu là Bê một hai ba bốn năm sáu bảy .,,,cluster_unknown,lexical_or_semantic_mismatch,True,
identifier_013,Hóa đơn số 000123 đã được thanh toán.,Hóa đơn số không không không một hai ba đã được thanh toán.,current_rule,Hóa đơn số một trăm hai mươi ba đồngã được thanh toán.,,,cluster_unknown,lexical_or_semantic_mismatch,True,
identifier_013,Hóa đơn số 000123 đã được thanh toán.,Hóa đơn số không không không một hai ba đã được thanh toán.,num2words_vi,Hóa đơn số một trăm hai mươi ba đã được thanh toán.,,,cluster_unknown,lexical_or_semantic_mismatch,True,
identifier_013,Hóa đơn số 000123 đã được thanh toán.,Hóa đơn số không không không một hai ba đã được thanh toán.,vietnormalizer,hóa đơn số một trăm hai mươi ba đã được thanh toán.,,,cluster_unknown,lexical_or_semantic_mismatch,True,
identifier_013,Hóa đơn số 000123 đã được thanh toán.,Hóa đơn số không không không một hai ba đã được thanh toán.,soe_vinorm,Hóa đơn số không không không một hai ba đã được thanh toán .,,,cluster_unknown,formatting_only,False,
identifier_014,Chuyến bay VN218 đã hạ cánh.,Chuyến bay vê en hai một tám đã hạ cánh.,current_rule,Chuyến bay VNhai trăm mười tám đồngã hạ cánh.,,,cluster_unknown,lexical_or_semantic_mismatch,True,
identifier_014,Chuyến bay VN218 đã hạ cánh.,Chuyến bay vê en hai một tám đã hạ cánh.,num2words_vi,Chuyến bay VNhai trăm mười tám đã hạ cánh.,,,cluster_unknown,lexical_or_semantic_mismatch,True,
identifier_014,Chuyến bay VN218 đã hạ cánh.,Chuyến bay vê en hai một tám đã hạ cánh.,vietnormalizer,chuyến bay vê en hai trăm mười tám đã hạ cánh.,,,cluster_unknown,lexical_or_semantic_mismatch,True,
identifier_014,Chuyến bay VN218 đã hạ cánh.,Chuyến bay vê en hai một tám đã hạ cánh.,soe_vinorm,Chuyến bay Vê Nờ hai trăm mười tám đã hạ cánh .,,,cluster_unknown,lexical_or_semantic_mismatch,True,
identifier_015,Tàu SE3 sắp vào ga.,Tàu ét e ba sắp vào ga.,current_rule,Tàu SE3 sắp vào ga.,,,cluster_unknown,lexical_or_semantic_mismatch,True,
identifier_015,Tàu SE3 sắp vào ga.,Tàu ét e ba sắp vào ga.,num2words_vi,Tàu SEba sắp vào ga.,,,cluster_unknown,lexical_or_semantic_mismatch,True,
identifier_015,Tàu SE3 sắp vào ga.,Tàu ét e ba sắp vào ga.,vietnormalizer,tàu ét ê ba sắp vào ga.,,,cluster_unknown,lexical_or_semantic_mismatch,True,
identifier_015,Tàu SE3 sắp vào ga.,Tàu ét e ba sắp vào ga.,soe_vinorm,Tàu Ét E ba sắp vào ga .,,,cluster_unknown,lexical_or_semantic_mismatch,True,
identifier_016,Tôi học lớp 12A1.,Tôi học lớp mười hai a một.,current_rule,Tôi học lớp 12A1.,,,cluster_unknown,lexical_or_semantic_mismatch,True,
identifier_016,Tôi học lớp 12A1.,Tôi học lớp mười hai a một.,num2words_vi,Tôi học lớp mười haiAmột.,,,cluster_unknown,lexical_or_semantic_mismatch,True,
identifier_016,Tôi học lớp 12A1.,Tôi học lớp mười hai a một.,vietnormalizer,tôi học lớp 12a1.,,,cluster_unknown,lexical_or_semantic_mismatch,True,
identifier_016,Tôi học lớp 12A1.,Tôi học lớp mười hai a một.,soe_vinorm,Tôi học lớp mười hai A một .,,,cluster_unknown,lexical_or_semantic_mismatch,True,
identifier_017,Biểu mẫu ghi mã bưu chính 100000.,Biểu mẫu ghi mã bưu chính một không không không không không.,current_rule,Biểu mẫu ghi mã bưu chính một không không không không không.,,,cluster_unknown,exact,False,
identifier_017,Biểu mẫu ghi mã bưu chính 100000.,Biểu mẫu ghi mã bưu chính một không không không không không.,num2words_vi,Biểu mẫu ghi mã bưu chính một trăm nghìn.,,,cluster_unknown,lexical_or_semantic_mismatch,True,
identifier_017,Biểu mẫu ghi mã bưu chính 100000.,Biểu mẫu ghi mã bưu chính một không không không không không.,vietnormalizer,biểu mẫu ghi mã bưu chính một trăm nghìn.,,,cluster_unknown,lexical_or_semantic_mismatch,True,
identifier_017,Biểu mẫu ghi mã bưu chính 100000.,Biểu mẫu ghi mã bưu chính một không không không không không.,soe_vinorm,Biểu mẫu ghi mã bưu chính một trăm nghìn .,,,cluster_unknown,lexical_or_semantic_mismatch,True,
identifier_018,Số thứ tự của bạn là A05.,Số thứ tự của bạn là a không năm.,current_rule,Số thứ tự của bạn là A05.,,,cluster_unknown,lexical_or_semantic_mismatch,True,
identifier_018,Số thứ tự của bạn là A05.,Số thứ tự của bạn là a không năm.,num2words_vi,Số thứ tự của bạn là Anăm.,,,cluster_unknown,lexical_or_semantic_mismatch,True,
identifier_018,Số thứ tự của bạn là A05.,Số thứ tự của bạn là a không năm.,vietnormalizer,số thứ tự của bạn là a năm.,,,cluster_unknown,lexical_or_semantic_mismatch,True,
identifier_018,Số thứ tự của bạn là A05.,Số thứ tự của bạn là a không năm.,soe_vinorm,Số thứ tự của bạn là A không năm .,,,cluster_unknown,lexical_or_semantic_mismatch,True,
identifier_019,Hồ sơ bệnh án có mã 00045.,Hồ sơ bệnh án có mã không không không bốn năm.,current_rule,Hồ sơ bệnh án có mã không không không bốn năm.,,,cluster_unknown,exact,False,
identifier_019,Hồ sơ bệnh án có mã 00045.,Hồ sơ bệnh án có mã không không không bốn năm.,num2words_vi,Hồ sơ bệnh án có mã bốn mươi lăm.,,,cluster_unknown,lexical_or_semantic_mismatch,True,
identifier_019,Hồ sơ bệnh án có mã 00045.,Hồ sơ bệnh án có mã không không không bốn năm.,vietnormalizer,hồ sơ bệnh án có mã bốn mươi lăm.,,,cluster_unknown,lexical_or_semantic_mismatch,True,
identifier_019,Hồ sơ bệnh án có mã 00045.,Hồ sơ bệnh án có mã không không không bốn năm.,soe_vinorm,Hồ sơ bệnh án có mã không không không bốn năm .,,,cluster_unknown,formatting_only,False,
identifier_020,Lô sản xuất mang số 240701.,Lô sản xuất mang số hai bốn không bảy không một.,current_rule,Lô sản xuất mang số hai trăm bốn mươi nghìn bảy trăm linh một.,,,cluster_unknown,lexical_or_semantic_mismatch,True,
identifier_020,Lô sản xuất mang số 240701.,Lô sản xuất mang số hai bốn không bảy không một.,num2words_vi,Lô sản xuất mang số hai trăm bốn mươi nghìn bảy trăm lẻ một.,,,cluster_unknown,lexical_or_semantic_mismatch,True,
identifier_020,Lô sản xuất mang số 240701.,Lô sản xuất mang số hai bốn không bảy không một.,vietnormalizer,lô sản xuất mang số hai trăm bốn mươi nghìn bảy trăm lẻ một.,,,cluster_unknown,lexical_or_semantic_mismatch,True,
identifier_020,Lô sản xuất mang số 240701.,Lô sản xuất mang số hai bốn không bảy không một.,soe_vinorm,Lô sản xuất mang số hai trăm bốn mươi nghìn bảy trăm linh một .,,,cluster_unknown,lexical_or_semantic_mismatch,True,
location_route_001,Tôi đang ở phòng 105.,Tôi đang ở phòng một không năm.,current_rule,Tôi đang ở phòng một không năm.,,,cluster_unknown,exact,False,
location_route_001,Tôi đang ở phòng 105.,Tôi đang ở phòng một không năm.,num2words_vi,Tôi đang ở phòng một trăm lẻ năm.,,,cluster_unknown,lexical_or_semantic_mismatch,True,
location_route_001,Tôi đang ở phòng 105.,Tôi đang ở phòng một không năm.,vietnormalizer,tôi đang ở phòng một trăm lẻ năm.,,,cluster_unknown,lexical_or_semantic_mismatch,True,
location_route_001,Tôi đang ở phòng 105.,Tôi đang ở phòng một không năm.,soe_vinorm,Tôi đang ở phòng một trăm linh năm .,,,cluster_unknown,lexical_or_semantic_mismatch,True,
location_route_002,Phòng 007 nằm cuối hành lang.,Phòng không không bảy nằm cuối hành lang.,current_rule,Phòng không không bảy nằm cuối hành lang.,,,cluster_unknown,exact,False,
location_route_002,Phòng 007 nằm cuối hành lang.,Phòng không không bảy nằm cuối hành lang.,num2words_vi,Phòng bảy nằm cuối hành lang.,,,cluster_unknown,lexical_or_semantic_mismatch,True,
location_route_002,Phòng 007 nằm cuối hành lang.,Phòng không không bảy nằm cuối hành lang.,vietnormalizer,phòng bảy nằm cuối hành lang.,,,cluster_unknown,lexical_or_semantic_mismatch,True,
location_route_002,Phòng 007 nằm cuối hành lang.,Phòng không không bảy nằm cuối hành lang.,soe_vinorm,Phòng không không bảy nằm cuối hành lang .,,,cluster_unknown,formatting_only,False,
location_route_003,Cuộc họp được chuyển sang phòng 12.,Cuộc họp được chuyển sang phòng mười hai.,current_rule,Cuộc họp được chuyển sang phòng một hai.,,,cluster_unknown,lexical_or_semantic_mismatch,True,
location_route_003,Cuộc họp được chuyển sang phòng 12.,Cuộc họp được chuyển sang phòng mười hai.,num2words_vi,Cuộc họp được chuyển sang phòng mười hai.,,,cluster_unknown,exact,False,
location_route_003,Cuộc họp được chuyển sang phòng 12.,Cuộc họp được chuyển sang phòng mười hai.,vietnormalizer,cuộc họp được chuyển sang phòng mười hai.,,,cluster_unknown,lexical_or_semantic_mismatch,True,
location_route_003,Cuộc họp được chuyển sang phòng 12.,Cuộc họp được chuyển sang phòng mười hai.,soe_vinorm,Cuộc họp được chuyển sang phòng mười hai .,,,cluster_unknown,formatting_only,False,
location_route_004,Văn phòng ở phòng B203.,Văn phòng ở phòng bê hai không ba.,current_rule,Văn phòng ở phòng B203.,,,cluster_unknown,lexical_or_semantic_mismatch,True,
location_route_004,Văn phòng ở phòng B203.,Văn phòng ở phòng bê hai không ba.,num2words_vi,Văn phòng ở phòng Bhai trăm lẻ ba.,,,cluster_unknown,lexical_or_semantic_mismatch,True,
location_route_004,Văn phòng ở phòng B203.,Văn phòng ở phòng bê hai không ba.,vietnormalizer,văn phòng ở phòng bê hai trăm lẻ ba.,,,cluster_unknown,lexical_or_semantic_mismatch,True,
location_route_004,Văn phòng ở phòng B203.,Văn phòng ở phòng bê hai không ba.,soe_vinorm,Văn phòng ở phòng Bê hai trăm linh ba .,,,cluster_unknown,lexical_or_semantic_mismatch,True,
location_route_005,Tôi sống ở căn hộ 1205.,Tôi sống ở căn hộ mười hai không năm.,current_rule,Tôi sống ở căn hộ một nghìn hai trăm linh năm.,,,cluster_unknown,lexical_or_semantic_mismatch,True,
location_route_005,Tôi sống ở căn hộ 1205.,Tôi sống ở căn hộ mười hai không năm.,num2words_vi,Tôi sống ở căn hộ một nghìn hai trăm lẻ năm.,,,cluster_unknown,lexical_or_semantic_mismatch,True,
location_route_005,Tôi sống ở căn hộ 1205.,Tôi sống ở căn hộ mười hai không năm.,vietnormalizer,tôi sống ở căn hộ một nghìn hai trăm lẻ năm.,,,cluster_unknown,lexical_or_semantic_mismatch,True,
location_route_005,Tôi sống ở căn hộ 1205.,Tôi sống ở căn hộ mười hai không năm.,soe_vinorm,Tôi sống ở căn hộ một nghìn hai trăm linh năm .,,,cluster_unknown,lexical_or_semantic_mismatch,True,
location_route_006,Căn P2-1508 đang được sửa chữa.,"Căn pê hai, mười lăm không tám đang được sửa chữa.",current_rule,Căn P2-1508 đang được sửa chữa.,,,cluster_unknown,lexical_or_semantic_mismatch,True,
location_route_006,Căn P2-1508 đang được sửa chữa.,"Căn pê hai, mười lăm không tám đang được sửa chữa.",num2words_vi,Căn Phai-một nghìn năm trăm lẻ tám đang được sửa chữa.,,,cluster_unknown,lexical_or_semantic_mismatch,True,
location_route_006,Căn P2-1508 đang được sửa chữa.,"Căn pê hai, mười lăm không tám đang được sửa chữa.",vietnormalizer,căn ptháng hai năm một nghìn năm trăm lẻ tám đang được sửa chữa.,,,cluster_unknown,lexical_or_semantic_mismatch,True,
location_route_006,Căn P2-1508 đang được sửa chữa.,"Căn pê hai, mười lăm không tám đang được sửa chữa.",soe_vinorm,Căn Pê hai - một nghìn năm trăm linh tám đang được sửa chữa .,,,cluster_unknown,lexical_or_semantic_mismatch,True,
location_route_007,Gia đình tôi ở số nhà 27.,Gia đình tôi ở số nhà hai mươi bảy.,current_rule,Gia đình tôi ở số nhà hai mươi bảy.,,,cluster_unknown,exact,False,
location_route_007,Gia đình tôi ở số nhà 27.,Gia đình tôi ở số nhà hai mươi bảy.,num2words_vi,Gia đình tôi ở số nhà hai mươi bảy.,,,cluster_unknown,exact,False,
location_route_007,Gia đình tôi ở số nhà 27.,Gia đình tôi ở số nhà hai mươi bảy.,vietnormalizer,gia đình tôi ở số nhà hai mươi bảy.,,,cluster_unknown,lexical_or_semantic_mismatch,True,
location_route_007,Gia đình tôi ở số nhà 27.,Gia đình tôi ở số nhà hai mươi bảy.,soe_vinorm,Gia đình tôi ở số nhà hai mươi bảy .,,,cluster_unknown,formatting_only,False,
location_route_008,Địa chỉ là 27/5 phố Huế.,Địa chỉ là hai mươi bảy trên năm phố Huế.,current_rule,Địa chỉ là hai mươi bảy phần năm phố Huế.,,,cluster_unknown,lexical_or_semantic_mismatch,True,
location_route_008,Địa chỉ là 27/5 phố Huế.,Địa chỉ là hai mươi bảy trên năm phố Huế.,num2words_vi,Địa chỉ là hai mươi bảy/năm phố Huế.,,,cluster_unknown,lexical_or_semantic_mismatch,True,
location_route_008,Địa chỉ là 27/5 phố Huế.,Địa chỉ là hai mươi bảy trên năm phố Huế.,vietnormalizer,địa chỉ là hai mươi bảy tháng năm phố huế.,,,cluster_unknown,lexical_or_semantic_mismatch,True,
location_route_008,Địa chỉ là 27/5 phố Huế.,Địa chỉ là hai mươi bảy trên năm phố Huế.,soe_vinorm,Địa chỉ là hai mươi bảy trên năm phố Huế .,,,cluster_unknown,formatting_only,False,
location_route_009,Cửa hàng ở số 12A đường Láng.,Cửa hàng ở số mười hai a đường Láng.,current_rule,Cửa hàng ở số 12A đường Láng.,,,cluster_unknown,lexical_or_semantic_mismatch,True,
location_route_009,Cửa hàng ở số 12A đường Láng.,Cửa hàng ở số mười hai a đường Láng.,num2words_vi,Cửa hàng ở số mười haiA đường Láng.,,,cluster_unknown,lexical_or_semantic_mismatch,True,
location_route_009,Cửa hàng ở số 12A đường Láng.,Cửa hàng ở số mười hai a đường Láng.,vietnormalizer,cửa hàng ở số mười haia đường láng.,,,cluster_unknown,lexical_or_semantic_mismatch,True,
location_route_009,Cửa hàng ở số 12A đường Láng.,Cửa hàng ở số mười hai a đường Láng.,soe_vinorm,Cửa hàng ở số mười hai A đường Láng .,,,cluster_unknown,lexical_or_semantic_mismatch,True,
location_route_010,Rẽ vào ngõ 8 ở bên phải.,Rẽ vào ngõ tám ở bên phải.,current_rule,Rẽ vào ngõ tám ở bên phải.,,,cluster_unknown,exact,False,
location_route_010,Rẽ vào ngõ 8 ở bên phải.,Rẽ vào ngõ tám ở bên phải.,num2words_vi,Rẽ vào ngõ tám ở bên phải.,,,cluster_unknown,exact,False,
location_route_010,Rẽ vào ngõ 8 ở bên phải.,Rẽ vào ngõ tám ở bên phải.,vietnormalizer,rẽ vào ngõ tám ở bên phải.,,,cluster_unknown,lexical_or_semantic_mismatch,True,
location_route_010,Rẽ vào ngõ 8 ở bên phải.,Rẽ vào ngõ tám ở bên phải.,soe_vinorm,Rẽ vào ngõ tám ở bên phải .,,,cluster_unknown,formatting_only,False,
location_route_011,Tôi đi xe buýt số 32.,Tôi đi xe buýt số ba mươi hai.,current_rule,Tôi đi xe buýt số ba mươi hai.,,,cluster_unknown,exact,False,
location_route_011,Tôi đi xe buýt số 32.,Tôi đi xe buýt số ba mươi hai.,num2words_vi,Tôi đi xe buýt số ba mươi hai.,,,cluster_unknown,exact,False,
location_route_011,Tôi đi xe buýt số 32.,Tôi đi xe buýt số ba mươi hai.,vietnormalizer,tôi đi xe buýt số ba mươi hai.,,,cluster_unknown,lexical_or_semantic_mismatch,True,
location_route_011,Tôi đi xe buýt số 32.,Tôi đi xe buýt số ba mươi hai.,soe_vinorm,Tôi đi xe buýt số ba mươi hai .,,,cluster_unknown,formatting_only,False,
location_route_012,Xe buýt số 105 sắp tới.,Xe buýt số một trăm linh năm sắp tới.,current_rule,Xe buýt số một trăm linh năm sắp tới.,,,cluster_unknown,exact,False,
location_route_012,Xe buýt số 105 sắp tới.,Xe buýt số một trăm linh năm sắp tới.,num2words_vi,Xe buýt số một trăm lẻ năm sắp tới.,,,cluster_unknown,lexical_or_semantic_mismatch,True,
location_route_012,Xe buýt số 105 sắp tới.,Xe buýt số một trăm linh năm sắp tới.,vietnormalizer,xe buýt số một trăm lẻ năm sắp tới.,,,cluster_unknown,lexical_or_semantic_mismatch,True,
location_route_012,Xe buýt số 105 sắp tới.,Xe buýt số một trăm linh năm sắp tới.,soe_vinorm,Xe buýt số một trăm linh năm sắp tới .,,,cluster_unknown,formatting_only,False,
location_route_013,Tai nạn xảy ra trên quốc lộ 1A.,Tai nạn xảy ra trên quốc lộ một a.,current_rule,Tai nạn xảy ra trên quốc lộ 1A.,,,cluster_unknown,lexical_or_semantic_mismatch,True,
location_route_013,Tai nạn xảy ra trên quốc lộ 1A.,Tai nạn xảy ra trên quốc lộ một a.,num2words_vi,Tai nạn xảy ra trên quốc lộ mộtA.,,,cluster_unknown,lexical_or_semantic_mismatch,True,
location_route_013,Tai nạn xảy ra trên quốc lộ 1A.,Tai nạn xảy ra trên quốc lộ một a.,vietnormalizer,tai nạn xảy ra trên quốc lộ 1a.,,,cluster_unknown,lexical_or_semantic_mismatch,True,
location_route_013,Tai nạn xảy ra trên quốc lộ 1A.,Tai nạn xảy ra trên quốc lộ một a.,soe_vinorm,Tai nạn xảy ra trên quốc lộ một A .,,,cluster_unknown,lexical_or_semantic_mismatch,True,
location_route_014,Công trường nằm tại Km 15+200.,Công trường nằm tại ki lô mét mười lăm cộng hai trăm.,current_rule,Công trường nằm tại Km mười lăm+hai trăm.,,,cluster_unknown,lexical_or_semantic_mismatch,True,
location_route_014,Công trường nằm tại Km 15+200.,Công trường nằm tại ki lô mét mười lăm cộng hai trăm.,num2words_vi,Công trường nằm tại Km mười lăm+hai trăm.,,,cluster_unknown,lexical_or_semantic_mismatch,True,
location_route_014,Công trường nằm tại Km 15+200.,Công trường nằm tại ki lô mét mười lăm cộng hai trăm.,vietnormalizer,công trường nằm tại km mười lăm+hai trăm.,,,cluster_unknown,lexical_or_semantic_mismatch,True,
location_route_014,Công trường nằm tại Km 15+200.,Công trường nằm tại ki lô mét mười lăm cộng hai trăm.,soe_vinorm,Công trường nằm tại Km mười lăm cộng hai trăm .,,,cluster_unknown,lexical_or_semantic_mismatch,True,
location_route_015,Biển số xe là 30A-123.45.,"Biển số xe là ba mươi a, một hai ba bốn năm.",current_rule,Biển số xe là 30A-123.45.,,,cluster_unknown,lexical_or_semantic_mismatch,True,
location_route_015,Biển số xe là 30A-123.45.,"Biển số xe là ba mươi a, một hai ba bốn năm.",num2words_vi,Biển số xe là ba mươiA-một trăm hai mươi ba.bốn mươi lăm.,,,cluster_unknown,lexical_or_semantic_mismatch,True,
location_route_015,Biển số xe là 30A-123.45.,"Biển số xe là ba mươi a, một hai ba bốn năm.",vietnormalizer,biển số xe là 30a-một trăm hai mươi ba.bốn mươi lăm.,,,cluster_unknown,lexical_or_semantic_mismatch,True,
location_route_015,Biển số xe là 30A-123.45.,"Biển số xe là ba mươi a, một hai ba bốn năm.",soe_vinorm,Biển số xe là ba mươi A - một trăm hai mươi ba . bốn mươi lăm .,,,cluster_unknown,lexical_or_semantic_mismatch,True,
location_route_016,Chiếc xe mang biển 51K-888.88.,"Chiếc xe mang biển năm mươi mốt ca, tám tám tám, tám tám.",current_rule,Chiếc xe mang biển 51K-888.88.,,,cluster_unknown,lexical_or_semantic_mismatch,True,
location_route_016,Chiếc xe mang biển 51K-888.88.,"Chiếc xe mang biển năm mươi mốt ca, tám tám tám, tám tám.",num2words_vi,Chiếc xe mang biển năm mươi mốtK-tám trăm tám mươi tám.tám mươi tám.,,,cluster_unknown,lexical_or_semantic_mismatch,True,
location_route_016,Chiếc xe mang biển 51K-888.88.,"Chiếc xe mang biển năm mươi mốt ca, tám tám tám, tám tám.",vietnormalizer,chiếc xe mang biển 51k-tám trăm tám mươi tám.tám mươi tám.,,,cluster_unknown,lexical_or_semantic_mismatch,True,
location_route_016,Chiếc xe mang biển 51K-888.88.,"Chiếc xe mang biển năm mươi mốt ca, tám tám tám, tám tám.",soe_vinorm,Chiếc xe mang biển năm mươi mốt Ca - tám trăm tám mươi tám . tám mươi tám .,,,cluster_unknown,lexical_or_semantic_mismatch,True,
location_route_017,Ghế 12A nằm cạnh cửa sổ.,Ghế mười hai a nằm cạnh cửa sổ.,current_rule,Ghế 12A nằm cạnh cửa sổ.,,,cluster_unknown,lexical_or_semantic_mismatch,True,
location_route_017,Ghế 12A nằm cạnh cửa sổ.,Ghế mười hai a nằm cạnh cửa sổ.,num2words_vi,Ghế mười haiA nằm cạnh cửa sổ.,,,cluster_unknown,lexical_or_semantic_mismatch,True,
location_route_017,Ghế 12A nằm cạnh cửa sổ.,Ghế mười hai a nằm cạnh cửa sổ.,vietnormalizer,ghế 12a nằm cạnh cửa sổ.,,,cluster_unknown,lexical_or_semantic_mismatch,True,
location_route_017,Ghế 12A nằm cạnh cửa sổ.,Ghế mười hai a nằm cạnh cửa sổ.,soe_vinorm,Ghế mười hai A nằm cạnh cửa sổ .,,,cluster_unknown,lexical_or_semantic_mismatch,True,
location_route_018,Hành khách ra cửa 03.,Hành khách ra cửa không ba.,current_rule,Hành khách ra cửa không ba.,,,cluster_unknown,exact,False,
location_route_018,Hành khách ra cửa 03.,Hành khách ra cửa không ba.,num2words_vi,Hành khách ra cửa ba.,,,cluster_unknown,lexical_or_semantic_mismatch,True,
location_route_018,Hành khách ra cửa 03.,Hành khách ra cửa không ba.,vietnormalizer,hành khách ra cửa ba.,,,cluster_unknown,lexical_or_semantic_mismatch,True,
location_route_018,Hành khách ra cửa 03.,Hành khách ra cửa không ba.,soe_vinorm,Hành khách ra cửa không ba .,,,cluster_unknown,formatting_only,False,
location_route_019,Nhân viên mời khách ở bàn 08.,Nhân viên mời khách ở bàn số tám.,current_rule,Nhân viên mời khách ở bàn không tám.,,,cluster_unknown,lexical_or_semantic_mismatch,True,
location_route_019,Nhân viên mời khách ở bàn 08.,Nhân viên mời khách ở bàn số tám.,num2words_vi,Nhân viên mời khách ở bàn tám.,,,cluster_unknown,lexical_or_semantic_mismatch,True,
location_route_019,Nhân viên mời khách ở bàn 08.,Nhân viên mời khách ở bàn số tám.,vietnormalizer,nhân viên mời khách ở bàn tám.,,,cluster_unknown,lexical_or_semantic_mismatch,True,
location_route_019,Nhân viên mời khách ở bàn 08.,Nhân viên mời khách ở bàn số tám.,soe_vinorm,Nhân viên mời khách ở bàn không tám .,,,cluster_unknown,lexical_or_semantic_mismatch,True,
location_route_020,Tủ đồ 021 đang khóa.,Tủ đồ không hai một đang khóa.,current_rule,Tủ đồ hai mươi mốt đồngang khóa.,,,cluster_unknown,lexical_or_semantic_mismatch,True,
location_route_020,Tủ đồ 021 đang khóa.,Tủ đồ không hai một đang khóa.,num2words_vi,Tủ đồ hai mươi mốt đang khóa.,,,cluster_unknown,lexical_or_semantic_mismatch,True,
location_route_020,Tủ đồ 021 đang khóa.,Tủ đồ không hai một đang khóa.,vietnormalizer,tủ đồ hai mươi mốt đang khóa.,,,cluster_unknown,lexical_or_semantic_mismatch,True,
location_route_020,Tủ đồ 021 đang khóa.,Tủ đồ không hai một đang khóa.,soe_vinorm,Tủ đồ không hai một đang khóa .,,,cluster_unknown,formatting_only,False,
money_001,Cuốn sách có giá 12.000đ.,Cuốn sách có giá mười hai nghìn đồng.,current_rule,Cuốn sách có giá mười hai nghìn đồng.,,,cluster_unknown,exact,False,
money_001,Cuốn sách có giá 12.000đ.,Cuốn sách có giá mười hai nghìn đồng.,num2words_vi,Cuốn sách có giá mười hai.khôngđ.,,,cluster_unknown,lexical_or_semantic_mismatch,True,
money_001,Cuốn sách có giá 12.000đ.,Cuốn sách có giá mười hai nghìn đồng.,vietnormalizer,cuốn sách có giá mười hai nghìn đồng.,,,cluster_unknown,lexical_or_semantic_mismatch,True,
money_001,Cuốn sách có giá 12.000đ.,Cuốn sách có giá mười hai nghìn đồng.,soe_vinorm,Cuốn sách có giá mười hai nghìn đ .,,,cluster_unknown,lexical_or_semantic_mismatch,True,
money_002,Chiếc máy có giá 1.250.000₫.,Chiếc máy có giá một triệu hai trăm năm mươi nghìn đồng.,current_rule,Chiếc máy có giá một triệu hai trăm năm mươi nghìn đồng.,,,cluster_unknown,exact,False,
money_002,Chiếc máy có giá 1.250.000₫.,Chiếc máy có giá một triệu hai trăm năm mươi nghìn đồng.,num2words_vi,Chiếc máy có giá một.hai trăm năm mươi.không₫.,,,cluster_unknown,lexical_or_semantic_mismatch,True,
money_002,Chiếc máy có giá 1.250.000₫.,Chiếc máy có giá một triệu hai trăm năm mươi nghìn đồng.,vietnormalizer,chiếc máy có giá một.hai trăm năm mươi.không.,,,cluster_unknown,lexical_or_semantic_mismatch,True,
money_002,Chiếc máy có giá 1.250.000₫.,Chiếc máy có giá một triệu hai trăm năm mươi nghìn đồng.,soe_vinorm,Chiếc máy có giá một triệu hai trăm năm mươi nghìn đồng .,,,cluster_unknown,formatting_only,False,
money_003,Vé gửi xe là 5k.,Vé gửi xe là năm nghìn đồng.,current_rule,Vé gửi xe là 5k.,,,cluster_unknown,lexical_or_semantic_mismatch,True,
money_003,Vé gửi xe là 5k.,Vé gửi xe là năm nghìn đồng.,num2words_vi,Vé gửi xe là nămk.,,,cluster_unknown,lexical_or_semantic_mismatch,True,
money_003,Vé gửi xe là 5k.,Vé gửi xe là năm nghìn đồng.,vietnormalizer,vé gửi xe là 5k.,,,cluster_unknown,lexical_or_semantic_mismatch,True,
money_003,Vé gửi xe là 5k.,Vé gửi xe là năm nghìn đồng.,soe_vinorm,Vé gửi xe là năm ca .,,,cluster_unknown,lexical_or_semantic_mismatch,True,
money_004,Cốc cà phê này giá 50k.,Cốc cà phê này giá năm mươi nghìn đồng.,current_rule,Cốc cà phê này giá 50k.,,,cluster_unknown,lexical_or_semantic_mismatch,True,
money_004,Cốc cà phê này giá 50k.,Cốc cà phê này giá năm mươi nghìn đồng.,num2words_vi,Cốc cà phê này giá năm mươik.,,,cluster_unknown,lexical_or_semantic_mismatch,True,
money_004,Cốc cà phê này giá 50k.,Cốc cà phê này giá năm mươi nghìn đồng.,vietnormalizer,cốc cà phê này giá 50k.,,,cluster_unknown,lexical_or_semantic_mismatch,True,
money_004,Cốc cà phê này giá 50k.,Cốc cà phê này giá năm mươi nghìn đồng.,soe_vinorm,Cốc cà phê này giá năm mươi ca .,,,cluster_unknown,lexical_or_semantic_mismatch,True,
money_005,"Phí dịch vụ là 1,5 triệu đồng.",Phí dịch vụ là một phẩy năm triệu đồng.,current_rule,"Phí dịch vụ là 1,5 triệu đồng.",,,cluster_unknown,lexical_or_semantic_mismatch,True,
money_005,"Phí dịch vụ là 1,5 triệu đồng.",Phí dịch vụ là một phẩy năm triệu đồng.,num2words_vi,"Phí dịch vụ là một,năm triệu đồng.",,,cluster_unknown,lexical_or_semantic_mismatch,True,
money_005,"Phí dịch vụ là 1,5 triệu đồng.",Phí dịch vụ là một phẩy năm triệu đồng.,vietnormalizer,phí dịch vụ là một phẩy năm triệu đồng.,,,cluster_unknown,lexical_or_semantic_mismatch,True,
money_005,"Phí dịch vụ là 1,5 triệu đồng.",Phí dịch vụ là một phẩy năm triệu đồng.,soe_vinorm,Phí dịch vụ là một phẩy năm triệu đồng .,,,cluster_unknown,formatting_only,False,
money_006,Doanh nghiệp huy động 2 tỷ đồng.,Doanh nghiệp huy động hai tỷ đồng.,current_rule,Doanh nghiệp huy động hai tỷ đồng.,,,cluster_unknown,exact,False,
money_006,Doanh nghiệp huy động 2 tỷ đồng.,Doanh nghiệp huy động hai tỷ đồng.,num2words_vi,Doanh nghiệp huy động hai tỷ đồng.,,,cluster_unknown,exact,False,
money_006,Doanh nghiệp huy động 2 tỷ đồng.,Doanh nghiệp huy động hai tỷ đồng.,vietnormalizer,doanh nghiệp huy động hai tỷ đồng.,,,cluster_unknown,lexical_or_semantic_mismatch,True,
money_006,Doanh nghiệp huy động 2 tỷ đồng.,Doanh nghiệp huy động hai tỷ đồng.,soe_vinorm,Doanh nghiệp huy động hai tỷ đồng .,,,cluster_unknown,formatting_only,False,
money_007,Đơn hàng này có phí vận chuyển 0đ.,Đơn hàng này có phí vận chuyển không đồng.,current_rule,Đơn hàng này có phí vận chuyển không đồng.,,,cluster_unknown,exact,False,
money_007,Đơn hàng này có phí vận chuyển 0đ.,Đơn hàng này có phí vận chuyển không đồng.,num2words_vi,Đơn hàng này có phí vận chuyển khôngđ.,,,cluster_unknown,lexical_or_semantic_mismatch,True,
money_007,Đơn hàng này có phí vận chuyển 0đ.,Đơn hàng này có phí vận chuyển không đồng.,vietnormalizer,đơn hàng này có phí vận chuyển không đồng.,,,cluster_unknown,lexical_or_semantic_mismatch,True,
money_007,Đơn hàng này có phí vận chuyển 0đ.,Đơn hàng này có phí vận chuyển không đồng.,soe_vinorm,Đơn hàng này có phí vận chuyển không đ .,,,cluster_unknown,lexical_or_semantic_mismatch,True,
money_008,Sản phẩm được bán với giá 99.900 đồng.,Sản phẩm được bán với giá chín mươi chín nghìn chín trăm đồng.,current_rule,Sản phẩm được bán với giá chín mươi chín nghìn chín trăm đồngồng.,,,cluster_unknown,lexical_or_semantic_mismatch,True,
money_008,Sản phẩm được bán với giá 99.900 đồng.,Sản phẩm được bán với giá chín mươi chín nghìn chín trăm đồng.,num2words_vi,Sản phẩm được bán với giá chín mươi chín.chín trăm đồng.,,,cluster_unknown,lexical_or_semantic_mismatch,True,
money_008,Sản phẩm được bán với giá 99.900 đồng.,Sản phẩm được bán với giá chín mươi chín nghìn chín trăm đồng.,vietnormalizer,sản phẩm được bán với giá chín mươi chín nghìn chín trăm đồng.,,,cluster_unknown,lexical_or_semantic_mismatch,True,
money_008,Sản phẩm được bán với giá 99.900 đồng.,Sản phẩm được bán với giá chín mươi chín nghìn chín trăm đồng.,soe_vinorm,Sản phẩm được bán với giá chín mươi chín nghìn chín trăm đồng .,,,cluster_unknown,formatting_only,False,
money_009,"Phí đăng ký là 12,5 USD.",Phí đăng ký là mười hai phẩy năm đô la Mỹ.,current_rule,Phí đăng ký là mười hai phẩy năm đô la Mỹ.,,,cluster_unknown,exact,False,
money_009,"Phí đăng ký là 12,5 USD.",Phí đăng ký là mười hai phẩy năm đô la Mỹ.,num2words_vi,"Phí đăng ký là mười hai,năm USD.",,,cluster_unknown,lexical_or_semantic_mismatch,True,
money_009,"Phí đăng ký là 12,5 USD.",Phí đăng ký là mười hai phẩy năm đô la Mỹ.,vietnormalizer,phí đăng ký là một trăm hai mươi lăm đô la.,,,cluster_unknown,lexical_or_semantic_mismatch,True,
money_009,"Phí đăng ký là 12,5 USD.",Phí đăng ký là mười hai phẩy năm đô la Mỹ.,soe_vinorm,Phí đăng ký là mười hai phẩy năm U Ét Đê .,,,cluster_unknown,lexical_or_semantic_mismatch,True,
money_010,Chiếc áo có giá $25.,Chiếc áo có giá hai mươi lăm đô la.,current_rule,Chiếc áo có giá hai mươi lăm đô la.,,,cluster_unknown,exact,False,
money_010,Chiếc áo có giá $25.,Chiếc áo có giá hai mươi lăm đô la.,num2words_vi,Chiếc áo có giá $hai mươi lăm.,,,cluster_unknown,lexical_or_semantic_mismatch,True,
money_010,Chiếc áo có giá $25.,Chiếc áo có giá hai mươi lăm đô la.,vietnormalizer,chiếc áo có giá hai mươi lăm đô la.,,,cluster_unknown,lexical_or_semantic_mismatch,True,
money_010,Chiếc áo có giá $25.,Chiếc áo có giá hai mươi lăm đô la.,soe_vinorm,Chiếc áo có giá hai mươi lăm đô la .,,,cluster_unknown,formatting_only,False,
money_011,Tôi đổi 100 USD sang tiền Việt.,Tôi đổi một trăm đô la Mỹ sang tiền Việt.,current_rule,Tôi đổi một trăm đô la Mỹ sang tiền Việt.,,,cluster_unknown,exact,False,
money_011,Tôi đổi 100 USD sang tiền Việt.,Tôi đổi một trăm đô la Mỹ sang tiền Việt.,num2words_vi,Tôi đổi một trăm USD sang tiền Việt.,,,cluster_unknown,lexical_or_semantic_mismatch,True,
money_011,Tôi đổi 100 USD sang tiền Việt.,Tôi đổi một trăm đô la Mỹ sang tiền Việt.,vietnormalizer,tôi đổi một trăm đô la sang tiền việt.,,,cluster_unknown,lexical_or_semantic_mismatch,True,
money_011,Tôi đổi 100 USD sang tiền Việt.,Tôi đổi một trăm đô la Mỹ sang tiền Việt.,soe_vinorm,Tôi đổi một trăm U Ét Đê sang tiền Việt .,,,cluster_unknown,lexical_or_semantic_mismatch,True,
money_012,Tiền đặt cọc là 2.000 HKD.,Tiền đặt cọc là hai nghìn đô la Hồng Kông.,current_rule,Tiền đặt cọc là hai nghìn đô la Hồng Kông.,,,cluster_unknown,exact,False,
money_012,Tiền đặt cọc là 2.000 HKD.,Tiền đặt cọc là hai nghìn đô la Hồng Kông.,num2words_vi,Tiền đặt cọc là hai.không HKD.,,,cluster_unknown,lexical_or_semantic_mismatch,True,
money_012,Tiền đặt cọc là 2.000 HKD.,Tiền đặt cọc là hai nghìn đô la Hồng Kông.,vietnormalizer,tiền đặt cọc là hai nghìn hát ca đê.,,,cluster_unknown,lexical_or_semantic_mismatch,True,
money_012,Tiền đặt cọc là 2.000 HKD.,Tiền đặt cọc là hai nghìn đô la Hồng Kông.,soe_vinorm,Tiền đặt cọc là hai nghìn Hát Ca Đê .,,,cluster_unknown,lexical_or_semantic_mismatch,True,
money_013,Món đồ này có giá HK$500.,Món đồ này có giá năm trăm đô la Hồng Kông.,current_rule,Món đồ này có giá năm trăm đô la Hồng Kông.,,,cluster_unknown,exact,False,
money_013,Món đồ này có giá HK$500.,Món đồ này có giá năm trăm đô la Hồng Kông.,num2words_vi,Món đồ này có giá HK$năm trăm.,,,cluster_unknown,lexical_or_semantic_mismatch,True,
money_013,Món đồ này có giá HK$500.,Món đồ này có giá năm trăm đô la Hồng Kông.,vietnormalizer,món đồ này có giá hknăm trăm đô la.,,,cluster_unknown,lexical_or_semantic_mismatch,True,
money_013,Món đồ này có giá HK$500.,Món đồ này có giá năm trăm đô la Hồng Kông.,soe_vinorm,Món đồ này có giá học kỳ năm trăm đô la .,,,cluster_unknown,lexical_or_semantic_mismatch,True,
money_014,"Giá niêm yết là €19,99.",Giá niêm yết là mười chín phẩy chín chín ơ rô.,current_rule,Giá niêm yết là mười chín phẩy chín chín euro.,,,cluster_unknown,lexical_or_semantic_mismatch,True,
money_014,"Giá niêm yết là €19,99.",Giá niêm yết là mười chín phẩy chín chín ơ rô.,num2words_vi,"Giá niêm yết là €mười chín,chín mươi chín.",,,cluster_unknown,lexical_or_semantic_mismatch,True,
money_014,"Giá niêm yết là €19,99.",Giá niêm yết là mười chín phẩy chín chín ơ rô.,vietnormalizer,giá niêm yết là mười chín phẩy chín mươi chín.,,,cluster_unknown,lexical_or_semantic_mismatch,True,
money_014,"Giá niêm yết là €19,99.",Giá niêm yết là mười chín phẩy chín chín ơ rô.,soe_vinorm,Giá niêm yết là  mười chín phẩy chín chín .,,,cluster_unknown,lexical_or_semantic_mismatch,True,
money_015,Bữa trưa ở Nhật hết 1.000¥.,Bữa trưa ở Nhật hết một nghìn yên.,current_rule,Bữa trưa ở Nhật hết một nghìn yên.,,,cluster_unknown,exact,False,
money_015,Bữa trưa ở Nhật hết 1.000¥.,Bữa trưa ở Nhật hết một nghìn yên.,num2words_vi,Bữa trưa ở Nhật hết một.không¥.,,,cluster_unknown,lexical_or_semantic_mismatch,True,
money_015,Bữa trưa ở Nhật hết 1.000¥.,Bữa trưa ở Nhật hết một nghìn yên.,vietnormalizer,bữa trưa ở nhật hết một nghìn¥.,,,cluster_unknown,lexical_or_semantic_mismatch,True,
money_015,Bữa trưa ở Nhật hết 1.000¥.,Bữa trưa ở Nhật hết một nghìn yên.,soe_vinorm,Bữa trưa ở Nhật hết một nghìn yên .,,,cluster_unknown,formatting_only,False,
money_016,Tôi còn đúng 500 đồng.,Tôi còn đúng năm trăm đồng.,current_rule,Tôi còn đúng năm trăm đồngồng.,,,cluster_unknown,lexical_or_semantic_mismatch,True,
money_016,Tôi còn đúng 500 đồng.,Tôi còn đúng năm trăm đồng.,num2words_vi,Tôi còn đúng năm trăm đồng.,,,cluster_unknown,exact,False,
money_016,Tôi còn đúng 500 đồng.,Tôi còn đúng năm trăm đồng.,vietnormalizer,tôi còn đúng năm trăm đồng.,,,cluster_unknown,lexical_or_semantic_mismatch,True,
money_016,Tôi còn đúng 500 đồng.,Tôi còn đúng năm trăm đồng.,soe_vinorm,Tôi còn đúng năm trăm đồng .,,,cluster_unknown,formatting_only,False,
money_017,Mức giá dao động từ 10.000-15.000đ.,Mức giá dao động từ mười nghìn đến mười lăm nghìn đồng.,current_rule,Mức giá dao động từ một không không không không một năm không không khôngđ.,,,cluster_unknown,lexical_or_semantic_mismatch,True,
money_017,Mức giá dao động từ 10.000-15.000đ.,Mức giá dao động từ mười nghìn đến mười lăm nghìn đồng.,num2words_vi,Mức giá dao động từ mười.không-mười lăm.khôngđ.,,,cluster_unknown,lexical_or_semantic_mismatch,True,
money_017,Mức giá dao động từ 10.000-15.000đ.,Mức giá dao động từ mười nghìn đến mười lăm nghìn đồng.,vietnormalizer,mức giá đao động từ mười nghìn-mười lăm nghìn đồng.,,,cluster_unknown,lexical_or_semantic_mismatch,True,
money_017,Mức giá dao động từ 10.000-15.000đ.,Mức giá dao động từ mười nghìn đến mười lăm nghìn đồng.,soe_vinorm,Mức giá dao động từ mười nghìn đến mười lăm nghìn đ .,,,cluster_unknown,lexical_or_semantic_mismatch,True,
money_018,Mức lương đề xuất là 25tr/tháng.,Mức lương đề xuất là hai mươi lăm triệu đồng mỗi tháng.,current_rule,Mức lương đề xuất là 25tr/tháng.,,,cluster_unknown,lexical_or_semantic_mismatch,True,
money_018,Mức lương đề xuất là 25tr/tháng.,Mức lương đề xuất là hai mươi lăm triệu đồng mỗi tháng.,num2words_vi,Mức lương đề xuất là hai mươi lămtr/tháng.,,,cluster_unknown,lexical_or_semantic_mismatch,True,
money_018,Mức lương đề xuất là 25tr/tháng.,Mức lương đề xuất là hai mươi lăm triệu đồng mỗi tháng.,vietnormalizer,mức lương đề xuất là 25tr/tháng.,,,cluster_unknown,lexical_or_semantic_mismatch,True,
money_018,Mức lương đề xuất là 25tr/tháng.,Mức lương đề xuất là hai mươi lăm triệu đồng mỗi tháng.,soe_vinorm,Mức lương đề xuất là hai mươi lăm tê rờ trên tháng .,,,cluster_unknown,lexical_or_semantic_mismatch,True,
money_019,"Căn hộ được rao giá 1,2 tỉ đồng.",Căn hộ được rao giá một phẩy hai tỷ đồng.,current_rule,"Căn hộ được rao giá 1,2 tỉ đồng.",,,cluster_unknown,lexical_or_semantic_mismatch,True,
money_019,"Căn hộ được rao giá 1,2 tỉ đồng.",Căn hộ được rao giá một phẩy hai tỷ đồng.,num2words_vi,"Căn hộ được rao giá một,hai tỉ đồng.",,,cluster_unknown,lexical_or_semantic_mismatch,True,
money_019,"Căn hộ được rao giá 1,2 tỉ đồng.",Căn hộ được rao giá một phẩy hai tỷ đồng.,vietnormalizer,căn hộ được rao giá một phẩy hai tỉ đồng.,,,cluster_unknown,lexical_or_semantic_mismatch,True,
money_019,"Căn hộ được rao giá 1,2 tỉ đồng.",Căn hộ được rao giá một phẩy hai tỷ đồng.,soe_vinorm,Căn hộ được rao giá một phẩy hai tỉ đồng .,,,cluster_unknown,lexical_or_semantic_mismatch,True,
money_020,Mỗi người được hoàn lại 35.500₫.,Mỗi người được hoàn lại ba mươi lăm nghìn năm trăm đồng.,current_rule,Mỗi người được hoàn lại ba mươi lăm nghìn năm trăm đồng.,,,cluster_unknown,exact,False,
money_020,Mỗi người được hoàn lại 35.500₫.,Mỗi người được hoàn lại ba mươi lăm nghìn năm trăm đồng.,num2words_vi,Mỗi người được hoàn lại ba mươi lăm.năm trăm₫.,,,cluster_unknown,lexical_or_semantic_mismatch,True,
money_020,Mỗi người được hoàn lại 35.500₫.,Mỗi người được hoàn lại ba mươi lăm nghìn năm trăm đồng.,vietnormalizer,mỗi người được hoàn lại ba mươi lăm.năm trăm.,,,cluster_unknown,lexical_or_semantic_mismatch,True,
money_020,Mỗi người được hoàn lại 35.500₫.,Mỗi người được hoàn lại ba mươi lăm nghìn năm trăm đồng.,soe_vinorm,Mỗi người được hoàn lại ba mươi lăm nghìn năm trăm đồng .,,,cluster_unknown,formatting_only,False,
percent_ratio_001,"Doanh thu tăng 6,5%.",Doanh thu tăng sáu phẩy năm phần trăm.,current_rule,"Doanh thu tăng 6,5%.",,,cluster_unknown,lexical_or_semantic_mismatch,True,
percent_ratio_001,"Doanh thu tăng 6,5%.",Doanh thu tăng sáu phẩy năm phần trăm.,num2words_vi,"Doanh thu tăng sáu,năm%.",,,cluster_unknown,lexical_or_semantic_mismatch,True,
percent_ratio_001,"Doanh thu tăng 6,5%.",Doanh thu tăng sáu phẩy năm phần trăm.,vietnormalizer,doanh thu tăng sáu phẩy năm phần trăm.,,,cluster_unknown,lexical_or_semantic_mismatch,True,
percent_ratio_001,"Doanh thu tăng 6,5%.",Doanh thu tăng sáu phẩy năm phần trăm.,soe_vinorm,Doanh thu tăng sáu phẩy năm phần trăm .,,,cluster_unknown,formatting_only,False,
percent_ratio_002,"Lãi suất chỉ là 0,05%.",Lãi suất chỉ là không phẩy không năm phần trăm.,current_rule,"Lãi suất chỉ là 0,05%.",,,cluster_unknown,lexical_or_semantic_mismatch,True,
percent_ratio_002,"Lãi suất chỉ là 0,05%.",Lãi suất chỉ là không phẩy không năm phần trăm.,num2words_vi,"Lãi suất chỉ là không,năm%.",,,cluster_unknown,lexical_or_semantic_mismatch,True,
percent_ratio_002,"Lãi suất chỉ là 0,05%.",Lãi suất chỉ là không phẩy không năm phần trăm.,vietnormalizer,lãi suất chỉ là không phẩy năm phần trăm.,,,cluster_unknown,lexical_or_semantic_mismatch,True,
percent_ratio_002,"Lãi suất chỉ là 0,05%.",Lãi suất chỉ là không phẩy không năm phần trăm.,soe_vinorm,Lãi suất chỉ là không phẩy không năm phần trăm .,,,cluster_unknown,formatting_only,False,
percent_ratio_003,Pin đã sạc đến 100%.,Pin đã sạc đến một trăm phần trăm.,current_rule,Pin đã sạc đến 100%.,,,cluster_unknown,lexical_or_semantic_mismatch,True,
percent_ratio_003,Pin đã sạc đến 100%.,Pin đã sạc đến một trăm phần trăm.,num2words_vi,Pin đã sạc đến một trăm%.,,,cluster_unknown,lexical_or_semantic_mismatch,True,
percent_ratio_003,Pin đã sạc đến 100%.,Pin đã sạc đến một trăm phần trăm.,vietnormalizer,pin đã sạc đến một trăm phần trăm.,,,cluster_unknown,lexical_or_semantic_mismatch,True,
percent_ratio_003,Pin đã sạc đến 100%.,Pin đã sạc đến một trăm phần trăm.,soe_vinorm,Pin đã sạc đến một trăm phần trăm .,,,cluster_unknown,formatting_only,False,
percent_ratio_004,"Cổ phiếu giảm -2,3%.",Cổ phiếu giảm âm hai phẩy ba phần trăm.,current_rule,"Cổ phiếu giảm -2,3%.",,,cluster_unknown,lexical_or_semantic_mismatch,True,
percent_ratio_004,"Cổ phiếu giảm -2,3%.",Cổ phiếu giảm âm hai phẩy ba phần trăm.,num2words_vi,"Cổ phiếu giảm -hai,ba%.",,,cluster_unknown,lexical_or_semantic_mismatch,True,
percent_ratio_004,"Cổ phiếu giảm -2,3%.",Cổ phiếu giảm âm hai phẩy ba phần trăm.,vietnormalizer,cổ phiếu giảm -hai phẩy ba phần trăm.,,,cluster_unknown,lexical_or_semantic_mismatch,True,
percent_ratio_004,"Cổ phiếu giảm -2,3%.",Cổ phiếu giảm âm hai phẩy ba phần trăm.,soe_vinorm,Cổ phiếu giảm trừ hai phẩy ba phần trăm .,,,cluster_unknown,lexical_or_semantic_mismatch,True,
percent_ratio_005,Chỉ số thay đổi +4%.,Chỉ số thay đổi dương bốn phần trăm.,current_rule,Chỉ số thay đổi +4%.,,,cluster_unknown,lexical_or_semantic_mismatch,True,
percent_ratio_005,Chỉ số thay đổi +4%.,Chỉ số thay đổi dương bốn phần trăm.,num2words_vi,Chỉ số thay đổi +bốn%.,,,cluster_unknown,lexical_or_semantic_mismatch,True,
percent_ratio_005,Chỉ số thay đổi +4%.,Chỉ số thay đổi dương bốn phần trăm.,vietnormalizer,chỉ số thay đổi +bốn phần trăm.,,,cluster_unknown,lexical_or_semantic_mismatch,True,
percent_ratio_005,Chỉ số thay đổi +4%.,Chỉ số thay đổi dương bốn phần trăm.,soe_vinorm,Chỉ số thay đổi cộng bốn phần trăm .,,,cluster_unknown,lexical_or_semantic_mismatch,True,
percent_ratio_006,Tỷ lệ lỗi nằm trong khoảng 3-5%.,Tỷ lệ lỗi nằm trong khoảng ba đến năm phần trăm.,current_rule,Tỷ lệ lỗi nằm trong khoảng 3-5%.,,,cluster_unknown,lexical_or_semantic_mismatch,True,
percent_ratio_006,Tỷ lệ lỗi nằm trong khoảng 3-5%.,Tỷ lệ lỗi nằm trong khoảng ba đến năm phần trăm.,num2words_vi,Tỷ lệ lỗi nằm trong khoảng ba-năm%.,,,cluster_unknown,lexical_or_semantic_mismatch,True,
percent_ratio_006,Tỷ lệ lỗi nằm trong khoảng 3-5%.,Tỷ lệ lỗi nằm trong khoảng ba đến năm phần trăm.,vietnormalizer,tỷ lệ lỗi nằm trong khoảng ba đến năm phần trăm.,,,cluster_unknown,lexical_or_semantic_mismatch,True,
percent_ratio_006,Tỷ lệ lỗi nằm trong khoảng 3-5%.,Tỷ lệ lỗi nằm trong khoảng ba đến năm phần trăm.,soe_vinorm,Tỷ lệ lỗi nằm trong khoảng ba đến năm phần trăm .,,,cluster_unknown,formatting_only,False,
percent_ratio_007,Màn hình có tỷ lệ 16:9.,Màn hình có tỷ lệ mười sáu trên chín.,current_rule,Màn hình có tỷ lệ 16:9.,,,cluster_unknown,lexical_or_semantic_mismatch,True,
percent_ratio_007,Màn hình có tỷ lệ 16:9.,Màn hình có tỷ lệ mười sáu trên chín.,num2words_vi,Màn hình có tỷ lệ mười sáu:chín.,,,cluster_unknown,lexical_or_semantic_mismatch,True,
percent_ratio_007,Màn hình có tỷ lệ 16:9.,Màn hình có tỷ lệ mười sáu trên chín.,vietnormalizer,màn hình có tỷ lệ mười sáu:chín.,,,cluster_unknown,lexical_or_semantic_mismatch,True,
percent_ratio_007,Màn hình có tỷ lệ 16:9.,Màn hình có tỷ lệ mười sáu trên chín.,soe_vinorm,Màn hình có tỷ lệ mười sáu chín .,,,cluster_unknown,lexical_or_semantic_mismatch,True,
percent_ratio_008,Hai đội đang hòa với tỷ số 1:1.,Hai đội đang hòa với tỷ số một đều.,current_rule,Hai đội đang hòa với tỷ số 1:1.,,,cluster_unknown,lexical_or_semantic_mismatch,True,
percent_ratio_008,Hai đội đang hòa với tỷ số 1:1.,Hai đội đang hòa với tỷ số một đều.,num2words_vi,Hai đội đang hòa với tỷ số một:một.,,,cluster_unknown,lexical_or_semantic_mismatch,True,
percent_ratio_008,Hai đội đang hòa với tỷ số 1:1.,Hai đội đang hòa với tỷ số một đều.,vietnormalizer,hai đội đang hòa với tỷ số nhất:một.,,,cluster_unknown,lexical_or_semantic_mismatch,True,
percent_ratio_008,Hai đội đang hòa với tỷ số 1:1.,Hai đội đang hòa với tỷ số một đều.,soe_vinorm,Hai đội đang hòa với tỷ số một một .,,,cluster_unknown,lexical_or_semantic_mismatch,True,
percent_ratio_009,Bản đồ dùng tỷ lệ 1:100.,Bản đồ dùng tỷ lệ một trên một trăm.,current_rule,Bản đồ dùng tỷ lệ 1:100.,,,cluster_unknown,lexical_or_semantic_mismatch,True,
percent_ratio_009,Bản đồ dùng tỷ lệ 1:100.,Bản đồ dùng tỷ lệ một trên một trăm.,num2words_vi,Bản đồ dùng tỷ lệ một:một trăm.,,,cluster_unknown,lexical_or_semantic_mismatch,True,
percent_ratio_009,Bản đồ dùng tỷ lệ 1:100.,Bản đồ dùng tỷ lệ một trên một trăm.,vietnormalizer,bản đồ dùng tỷ lệ một giờ mười phút0.,,,cluster_unknown,lexical_or_semantic_mismatch,True,
percent_ratio_009,Bản đồ dùng tỷ lệ 1:100.,Bản đồ dùng tỷ lệ một trên một trăm.,soe_vinorm,Bản đồ dùng tỷ lệ một một trăm .,,,cluster_unknown,lexical_or_semantic_mismatch,True,
percent_ratio_010,Huyết áp của bệnh nhân là 120/80.,Huyết áp của bệnh nhân là một trăm hai mươi trên tám mươi.,current_rule,Huyết áp của bệnh nhân là 120/80.,,,cluster_unknown,lexical_or_semantic_mismatch,True,
percent_ratio_010,Huyết áp của bệnh nhân là 120/80.,Huyết áp của bệnh nhân là một trăm hai mươi trên tám mươi.,num2words_vi,Huyết áp của bệnh nhân là một trăm hai mươi/tám mươi.,,,cluster_unknown,lexical_or_semantic_mismatch,True,
percent_ratio_010,Huyết áp của bệnh nhân là 120/80.,Huyết áp của bệnh nhân là một trăm hai mươi trên tám mươi.,vietnormalizer,huyết áp của bệnh nhân là một trăm hai mươi trên tám mươi.,,,cluster_unknown,lexical_or_semantic_mismatch,True,
percent_ratio_010,Huyết áp của bệnh nhân là 120/80.,Huyết áp của bệnh nhân là một trăm hai mươi trên tám mươi.,soe_vinorm,Huyết áp của bệnh nhân là một trăm hai mươi trên tám mươi .,,,cluster_unknown,formatting_only,False,
percent_ratio_011,Thị lực của cô ấy đạt 10/10.,Thị lực của cô ấy đạt mười trên mười.,current_rule,Thị lực của cô ấy đạt 10/10.,,,cluster_unknown,lexical_or_semantic_mismatch,True,
percent_ratio_011,Thị lực của cô ấy đạt 10/10.,Thị lực của cô ấy đạt mười trên mười.,num2words_vi,Thị lực của cô ấy đạt mười/mười.,,,cluster_unknown,lexical_or_semantic_mismatch,True,
percent_ratio_011,Thị lực của cô ấy đạt 10/10.,Thị lực của cô ấy đạt mười trên mười.,vietnormalizer,thị lực của cô ấy đạt mười tháng mười.,,,cluster_unknown,lexical_or_semantic_mismatch,True,
percent_ratio_011,Thị lực của cô ấy đạt 10/10.,Thị lực của cô ấy đạt mười trên mười.,soe_vinorm,Thị lực của cô ấy đạt mười tháng mười .,,,cluster_unknown,lexical_or_semantic_mismatch,True,
percent_ratio_012,"Tỷ lệ P/E hiện là 15,2.",Tỷ lệ pê trên e hiện là mười lăm phẩy hai.,current_rule,"Tỷ lệ P/E hiện là 15,2.",,,cluster_unknown,lexical_or_semantic_mismatch,True,
percent_ratio_012,"Tỷ lệ P/E hiện là 15,2.",Tỷ lệ pê trên e hiện là mười lăm phẩy hai.,num2words_vi,"Tỷ lệ P/E hiện là mười lăm,hai.",,,cluster_unknown,lexical_or_semantic_mismatch,True,
percent_ratio_012,"Tỷ lệ P/E hiện là 15,2.",Tỷ lệ pê trên e hiện là mười lăm phẩy hai.,vietnormalizer,tỷ lệ p/e hiện là mười lăm phẩy hai.,,,cluster_unknown,lexical_or_semantic_mismatch,True,
percent_ratio_012,"Tỷ lệ P/E hiện là 15,2.",Tỷ lệ pê trên e hiện là mười lăm phẩy hai.,soe_vinorm,Tỷ lệ Pê / E hiện là mười lăm phẩy hai .,,,cluster_unknown,lexical_or_semantic_mismatch,True,
percent_ratio_013,"Xác suất thành công được ước tính là 0,95.",Xác suất thành công được ước tính là không phẩy chín năm.,current_rule,"Xác suất thành công được ước tính là 0,95.",,,cluster_unknown,lexical_or_semantic_mismatch,True,
percent_ratio_013,"Xác suất thành công được ước tính là 0,95.",Xác suất thành công được ước tính là không phẩy chín năm.,num2words_vi,"Xác suất thành công được ước tính là không,chín mươi lăm.",,,cluster_unknown,lexical_or_semantic_mismatch,True,
percent_ratio_013,"Xác suất thành công được ước tính là 0,95.",Xác suất thành công được ước tính là không phẩy chín năm.,vietnormalizer,xác suất thành công được ước tính là không phẩy chín mươi lăm.,,,cluster_unknown,lexical_or_semantic_mismatch,True,
percent_ratio_013,"Xác suất thành công được ước tính là 0,95.",Xác suất thành công được ước tính là không phẩy chín năm.,soe_vinorm,Xác suất thành công được ước tính là không phẩy chín năm .,,,cluster_unknown,formatting_only,False,
percent_ratio_014,"Điểm trung bình của bạn ấy là 3,8/4,0.",Điểm trung bình của bạn ấy là ba phẩy tám trên bốn phẩy không.,current_rule,"Điểm trung bình của bạn ấy là 3,8/4,0.",,,cluster_unknown,lexical_or_semantic_mismatch,True,
percent_ratio_014,"Điểm trung bình của bạn ấy là 3,8/4,0.",Điểm trung bình của bạn ấy là ba phẩy tám trên bốn phẩy không.,num2words_vi,"Điểm trung bình của bạn ấy là ba,tám/bốn,không.",,,cluster_unknown,lexical_or_semantic_mismatch,True,
percent_ratio_014,"Điểm trung bình của bạn ấy là 3,8/4,0.",Điểm trung bình của bạn ấy là ba phẩy tám trên bốn phẩy không.,vietnormalizer,"điểm trung bình của bạn ấy là ba,tám tháng bốn,không.",,,cluster_unknown,lexical_or_semantic_mismatch,True,
percent_ratio_014,"Điểm trung bình của bạn ấy là 3,8/4,0.",Điểm trung bình của bạn ấy là ba phẩy tám trên bốn phẩy không.,soe_vinorm,Điểm trung bình của bạn ấy là ba phẩy tám trên bốn phẩy không .,,,cluster_unknown,formatting_only,False,
percent_ratio_015,Tỷ lệ pha là 1:3.,Tỷ lệ pha là một trên ba.,current_rule,Tỷ lệ pha là 1:3.,,,cluster_unknown,lexical_or_semantic_mismatch,True,
percent_ratio_015,Tỷ lệ pha là 1:3.,Tỷ lệ pha là một trên ba.,num2words_vi,Tỷ lệ pha là một:ba.,,,cluster_unknown,lexical_or_semantic_mismatch,True,
percent_ratio_015,Tỷ lệ pha là 1:3.,Tỷ lệ pha là một trên ba.,vietnormalizer,tỷ lệ pha là một:ba.,,,cluster_unknown,lexical_or_semantic_mismatch,True,
percent_ratio_015,Tỷ lệ pha là 1:3.,Tỷ lệ pha là một trên ba.,soe_vinorm,Tỷ lệ pha là một ba .,,,cluster_unknown,lexical_or_semantic_mismatch,True,
measure_001,Chiếc vali nặng 12kg.,Chiếc vali nặng mười hai ki lô gam.,current_rule,Chiếc vali nặng 12kg.,,,cluster_unknown,lexical_or_semantic_mismatch,True,
measure_001,Chiếc vali nặng 12kg.,Chiếc vali nặng mười hai ki lô gam.,num2words_vi,Chiếc vali nặng mười haikg.,,,cluster_unknown,lexical_or_semantic_mismatch,True,
measure_001,Chiếc vali nặng 12kg.,Chiếc vali nặng mười hai ki lô gam.,vietnormalizer,chiếc va-li nặng mười hai ki-lô-gam.,,,cluster_unknown,lexical_or_semantic_mismatch,True,
measure_001,Chiếc vali nặng 12kg.,Chiếc vali nặng mười hai ki lô gam.,soe_vinorm,Chiếc vali nặng mười hai ki lô gam .,,,cluster_unknown,formatting_only,False,
measure_002,"Em bé nặng 1,5 kg.",Em bé nặng một phẩy năm ki lô gam.,current_rule,"Em bé nặng 1,5 kg.",,,cluster_unknown,lexical_or_semantic_mismatch,True,
measure_002,"Em bé nặng 1,5 kg.",Em bé nặng một phẩy năm ki lô gam.,num2words_vi,"Em bé nặng một,năm kg.",,,cluster_unknown,lexical_or_semantic_mismatch,True,
measure_002,"Em bé nặng 1,5 kg.",Em bé nặng một phẩy năm ki lô gam.,vietnormalizer,em bé nặng một phẩy năm kg.,,,cluster_unknown,lexical_or_semantic_mismatch,True,
measure_002,"Em bé nặng 1,5 kg.",Em bé nặng một phẩy năm ki lô gam.,soe_vinorm,Em bé nặng một phẩy năm ki lô gam .,,,cluster_unknown,formatting_only,False,
measure_003,Gói bột có khối lượng 250g.,Gói bột có khối lượng hai trăm năm mươi gam.,current_rule,Gói bột có khối lượng 250g.,,,cluster_unknown,lexical_or_semantic_mismatch,True,
measure_003,Gói bột có khối lượng 250g.,Gói bột có khối lượng hai trăm năm mươi gam.,num2words_vi,Gói bột có khối lượng hai trăm năm mươig.,,,cluster_unknown,lexical_or_semantic_mismatch,True,
measure_003,Gói bột có khối lượng 250g.,Gói bột có khối lượng hai trăm năm mươi gam.,vietnormalizer,gói bột có khối lượng hai trăm năm mươi gam.,,,cluster_unknown,lexical_or_semantic_mismatch,True,
measure_003,Gói bột có khối lượng 250g.,Gói bột có khối lượng hai trăm năm mươi gam.,soe_vinorm,Gói bột có khối lượng hai trăm năm mươi gam .,,,cluster_unknown,formatting_only,False,
measure_004,"Bình chứa 1,25 lít nước.",Bình chứa một phẩy hai năm lít nước.,current_rule,"Bình chứa 1,25 lít nước.",,,cluster_unknown,lexical_or_semantic_mismatch,True,
measure_004,"Bình chứa 1,25 lít nước.",Bình chứa một phẩy hai năm lít nước.,num2words_vi,"Bình chứa một,hai mươi lăm lít nước.",,,cluster_unknown,lexical_or_semantic_mismatch,True,
measure_004,"Bình chứa 1,25 lít nước.",Bình chứa một phẩy hai năm lít nước.,vietnormalizer,bình chứa một phẩy hai mươi lăm lít nước.,,,cluster_unknown,lexical_or_semantic_mismatch,True,
measure_004,"Bình chứa 1,25 lít nước.",Bình chứa một phẩy hai năm lít nước.,soe_vinorm,Bình chứa một phẩy hai năm lít nước .,,,cluster_unknown,formatting_only,False,
measure_005,Chai này có dung tích 500ml.,Chai này có dung tích năm trăm mi li lít.,current_rule,Chai này có dung tích 500ml.,,,cluster_unknown,lexical_or_semantic_mismatch,True,
measure_005,Chai này có dung tích 500ml.,Chai này có dung tích năm trăm mi li lít.,num2words_vi,Chai này có dung tích năm trămml.,,,cluster_unknown,lexical_or_semantic_mismatch,True,
measure_005,Chai này có dung tích 500ml.,Chai này có dung tích năm trăm mi li lít.,vietnormalizer,chai này có dung tích năm trăm mi-li-lít.,,,cluster_unknown,lexical_or_semantic_mismatch,True,
measure_005,Chai này có dung tích 500ml.,Chai này có dung tích năm trăm mi li lít.,soe_vinorm,Chai này có dung tích năm trăm mi li lít .,,,cluster_unknown,formatting_only,False,
measure_006,Quãng đường dài 12km.,Quãng đường dài mười hai ki lô mét.,current_rule,Quãng đường dài 12km.,,,cluster_unknown,lexical_or_semantic_mismatch,True,
measure_006,Quãng đường dài 12km.,Quãng đường dài mười hai ki lô mét.,num2words_vi,Quãng đường dài mười haikm.,,,cluster_unknown,lexical_or_semantic_mismatch,True,
measure_006,Quãng đường dài 12km.,Quãng đường dài mười hai ki lô mét.,vietnormalizer,quãng đường dài mười hai ki-lô-mét.,,,cluster_unknown,lexical_or_semantic_mismatch,True,
measure_006,Quãng đường dài 12km.,Quãng đường dài mười hai ki lô mét.,soe_vinorm,Quãng đường dài mười hai ki lô mét .,,,cluster_unknown,formatting_only,False,
measure_007,Xe chạy với tốc độ 120km/h.,Xe chạy với tốc độ một trăm hai mươi ki lô mét trên giờ.,current_rule,Xe chạy với tốc độ 120km/h.,,,cluster_unknown,lexical_or_semantic_mismatch,True,
measure_007,Xe chạy với tốc độ 120km/h.,Xe chạy với tốc độ một trăm hai mươi ki lô mét trên giờ.,num2words_vi,Xe chạy với tốc độ một trăm hai mươikm/h.,,,cluster_unknown,lexical_or_semantic_mismatch,True,
measure_007,Xe chạy với tốc độ 120km/h.,Xe chạy với tốc độ một trăm hai mươi ki lô mét trên giờ.,vietnormalizer,xe chạy với tốc độ một trăm hai mươi ki-lô-mét trên giờ.,,,cluster_unknown,lexical_or_semantic_mismatch,True,
measure_007,Xe chạy với tốc độ 120km/h.,Xe chạy với tốc độ một trăm hai mươi ki lô mét trên giờ.,soe_vinorm,Xe chạy với tốc độ một trăm hai mươi ki lô mét trên giờ .,,,cluster_unknown,formatting_only,False,
measure_008,"Chiều cao của cô ấy là 1,63m.",Chiều cao của cô ấy là một phẩy sáu ba mét.,current_rule,"Chiều cao của cô ấy là 1,63m.",,,cluster_unknown,lexical_or_semantic_mismatch,True,
measure_008,"Chiều cao của cô ấy là 1,63m.",Chiều cao của cô ấy là một phẩy sáu ba mét.,num2words_vi,"Chiều cao của cô ấy là một,sáu mươi bam.",,,cluster_unknown,lexical_or_semantic_mismatch,True,
measure_008,"Chiều cao của cô ấy là 1,63m.",Chiều cao của cô ấy là một phẩy sáu ba mét.,vietnormalizer,chiều cao của cô ấy là một phẩy sáu mươi bam.,,,cluster_unknown,lexical_or_semantic_mismatch,True,
measure_008,"Chiều cao của cô ấy là 1,63m.",Chiều cao của cô ấy là một phẩy sáu ba mét.,soe_vinorm,Chiều cao của cô ấy là một phẩy sáu ba mét .,,,cluster_unknown,formatting_only,False,
measure_009,Chiếc hộp rộng 15cm.,Chiếc hộp rộng mười lăm xen ti mét.,current_rule,Chiếc hộp rộng 15cm.,,,cluster_unknown,lexical_or_semantic_mismatch,True,
measure_009,Chiếc hộp rộng 15cm.,Chiếc hộp rộng mười lăm xen ti mét.,num2words_vi,Chiếc hộp rộng mười lămcm.,,,cluster_unknown,lexical_or_semantic_mismatch,True,
measure_009,Chiếc hộp rộng 15cm.,Chiếc hộp rộng mười lăm xen ti mét.,vietnormalizer,chiếc hộp rộng mười lăm xăng-ti-mét.,,,cluster_unknown,lexical_or_semantic_mismatch,True,
measure_009,Chiếc hộp rộng 15cm.,Chiếc hộp rộng mười lăm xen ti mét.,soe_vinorm,Chiếc hộp rộng mười lăm xen ti mét .,,,cluster_unknown,formatting_only,False,
measure_010,Căn phòng rộng 32m².,Căn phòng rộng ba mươi hai mét vuông.,current_rule,Căn phòng rộng 32m².,,,cluster_unknown,lexical_or_semantic_mismatch,True,
measure_010,Căn phòng rộng 32m².,Căn phòng rộng ba mươi hai mét vuông.,num2words_vi,Căn phòng rộng ba mươi haim².,,,cluster_unknown,lexical_or_semantic_mismatch,True,
measure_010,Căn phòng rộng 32m².,Căn phòng rộng ba mươi hai mét vuông.,vietnormalizer,căn phòng rộng ba mươi hai mét vuông.,,,cluster_unknown,lexical_or_semantic_mismatch,True,
measure_010,Căn phòng rộng 32m².,Căn phòng rộng ba mươi hai mét vuông.,soe_vinorm,Căn phòng rộng ba mươi hai mét .,,,cluster_unknown,lexical_or_semantic_mismatch,True,
measure_011,Bể có thể tích 45m³.,Bể có thể tích bốn mươi lăm mét khối.,current_rule,Bể có thể tích 45m³.,,,cluster_unknown,lexical_or_semantic_mismatch,True,
measure_011,Bể có thể tích 45m³.,Bể có thể tích bốn mươi lăm mét khối.,num2words_vi,Bể có thể tích bốn mươi lămm³.,,,cluster_unknown,lexical_or_semantic_mismatch,True,
measure_011,Bể có thể tích 45m³.,Bể có thể tích bốn mươi lăm mét khối.,vietnormalizer,bể có thể tích bốn mươi lăm mét khối.,,,cluster_unknown,lexical_or_semantic_mismatch,True,
measure_011,Bể có thể tích 45m³.,Bể có thể tích bốn mươi lăm mét khối.,soe_vinorm,Bể có thể tích bốn mươi lăm mét .,,,cluster_unknown,lexical_or_semantic_mismatch,True,
measure_012,Nhiệt độ cơ thể là 37°C.,Nhiệt độ cơ thể là ba mươi bảy độ xê.,current_rule,Nhiệt độ cơ thể là 37°C.,,,cluster_unknown,lexical_or_semantic_mismatch,True,
measure_012,Nhiệt độ cơ thể là 37°C.,Nhiệt độ cơ thể là ba mươi bảy độ xê.,num2words_vi,Nhiệt độ cơ thể là ba mươi bảy°C.,,,cluster_unknown,lexical_or_semantic_mismatch,True,
measure_012,Nhiệt độ cơ thể là 37°C.,Nhiệt độ cơ thể là ba mươi bảy độ xê.,vietnormalizer,nhiệt độ cơ thể là ba mươi bảy độ c.,,,cluster_unknown,lexical_or_semantic_mismatch,True,
measure_012,Nhiệt độ cơ thể là 37°C.,Nhiệt độ cơ thể là ba mươi bảy độ xê.,soe_vinorm,Nhiệt độ cơ thể là ba mươi bảy độ xê .,,,cluster_unknown,formatting_only,False,
measure_013,Ngoài trời đang là -5°C.,Ngoài trời đang là âm năm độ xê.,current_rule,Ngoài trời đang là -5°C.,,,cluster_unknown,lexical_or_semantic_mismatch,True,
measure_013,Ngoài trời đang là -5°C.,Ngoài trời đang là âm năm độ xê.,num2words_vi,Ngoài trời đang là -năm°C.,,,cluster_unknown,lexical_or_semantic_mismatch,True,
measure_013,Ngoài trời đang là -5°C.,Ngoài trời đang là âm năm độ xê.,vietnormalizer,ngoài trời đang là -năm độ c.,,,cluster_unknown,lexical_or_semantic_mismatch,True,
measure_013,Ngoài trời đang là -5°C.,Ngoài trời đang là âm năm độ xê.,soe_vinorm,Ngoài trời đang là trừ năm độ xê .,,,cluster_unknown,lexical_or_semantic_mismatch,True,
measure_014,Lò được đặt ở 90°F.,Lò được đặt ở chín mươi độ ép.,current_rule,Lò được đặt ở 90°F.,,,cluster_unknown,lexical_or_semantic_mismatch,True,
measure_014,Lò được đặt ở 90°F.,Lò được đặt ở chín mươi độ ép.,num2words_vi,Lò được đặt ở chín mươi°F.,,,cluster_unknown,lexical_or_semantic_mismatch,True,
measure_014,Lò được đặt ở 90°F.,Lò được đặt ở chín mươi độ ép.,vietnormalizer,lò được đặt ở chín mươi độ f.,,,cluster_unknown,lexical_or_semantic_mismatch,True,
measure_014,Lò được đặt ở 90°F.,Lò được đặt ở chín mươi độ ép.,soe_vinorm,Lò được đặt ở chín mươi độ ép .,,,cluster_unknown,formatting_only,False,
measure_015,Điện áp dân dụng là 220V.,Điện áp dân dụng là hai trăm hai mươi vôn.,current_rule,Điện áp dân dụng là 220V.,,,cluster_unknown,lexical_or_semantic_mismatch,True,
measure_015,Điện áp dân dụng là 220V.,Điện áp dân dụng là hai trăm hai mươi vôn.,num2words_vi,Điện áp dân dụng là hai trăm hai mươiV.,,,cluster_unknown,lexical_or_semantic_mismatch,True,
measure_015,Điện áp dân dụng là 220V.,Điện áp dân dụng là hai trăm hai mươi vôn.,vietnormalizer,điện áp dân dụng là 220v.,,,cluster_unknown,lexical_or_semantic_mismatch,True,
measure_015,Điện áp dân dụng là 220V.,Điện áp dân dụng là hai trăm hai mươi vôn.,soe_vinorm,Điện áp dân dụng là hai trăm hai mươi vôn .,,,cluster_unknown,formatting_only,False,
measure_016,Dòng điện có cường độ 2A.,Dòng điện có cường độ hai am pe.,current_rule,Dòng điện có cường độ 2A.,,,cluster_unknown,lexical_or_semantic_mismatch,True,
measure_016,Dòng điện có cường độ 2A.,Dòng điện có cường độ hai am pe.,num2words_vi,Dòng điện có cường độ haiA.,,,cluster_unknown,lexical_or_semantic_mismatch,True,
measure_016,Dòng điện có cường độ 2A.,Dòng điện có cường độ hai am pe.,vietnormalizer,dòng điện có cường độ 2a.,,,cluster_unknown,lexical_or_semantic_mismatch,True,
measure_016,Dòng điện có cường độ 2A.,Dòng điện có cường độ hai am pe.,soe_vinorm,Dòng điện có cường độ hai A .,,,cluster_unknown,lexical_or_semantic_mismatch,True,
measure_017,Nguồn điện hoạt động ở 50Hz.,Nguồn điện hoạt động ở năm mươi héc.,current_rule,Nguồn điện hoạt động ở 50Hz.,,,cluster_unknown,lexical_or_semantic_mismatch,True,
measure_017,Nguồn điện hoạt động ở 50Hz.,Nguồn điện hoạt động ở năm mươi héc.,num2words_vi,Nguồn điện hoạt động ở năm mươiHz.,,,cluster_unknown,lexical_or_semantic_mismatch,True,
measure_017,Nguồn điện hoạt động ở 50Hz.,Nguồn điện hoạt động ở năm mươi héc.,vietnormalizer,nguồn điện hoạt động ở 50hz.,,,cluster_unknown,lexical_or_semantic_mismatch,True,
measure_017,Nguồn điện hoạt động ở 50Hz.,Nguồn điện hoạt động ở năm mươi héc.,soe_vinorm,Nguồn điện hoạt động ở năm mươi héc .,,,cluster_unknown,formatting_only,False,
measure_018,Máy có 8GB bộ nhớ.,Máy có tám ghi ga bai bộ nhớ.,current_rule,Máy có 8GB bộ nhớ.,,,cluster_unknown,lexical_or_semantic_mismatch,True,
measure_018,Máy có 8GB bộ nhớ.,Máy có tám ghi ga bai bộ nhớ.,num2words_vi,Máy có támGB bộ nhớ.,,,cluster_unknown,lexical_or_semantic_mismatch,True,
measure_018,Máy có 8GB bộ nhớ.,Máy có tám ghi ga bai bộ nhớ.,vietnormalizer,máy có 8gb bộ nhớ.,,,cluster_unknown,lexical_or_semantic_mismatch,True,
measure_018,Máy có 8GB bộ nhớ.,Máy có tám ghi ga bai bộ nhớ.,soe_vinorm,Máy có tám Gờ Bê bộ nhớ .,,,cluster_unknown,lexical_or_semantic_mismatch,True,
measure_019,Tệp có dung lượng 256MB.,Tệp có dung lượng hai trăm năm mươi sáu mê ga bai.,current_rule,Tệp có dung lượng 256MB.,,,cluster_unknown,lexical_or_semantic_mismatch,True,
measure_019,Tệp có dung lượng 256MB.,Tệp có dung lượng hai trăm năm mươi sáu mê ga bai.,num2words_vi,Tệp có dung lượng hai trăm năm mươi sáuMB.,,,cluster_unknown,lexical_or_semantic_mismatch,True,
measure_019,Tệp có dung lượng 256MB.,Tệp có dung lượng hai trăm năm mươi sáu mê ga bai.,vietnormalizer,tệp có dung lượng 256mb.,,,cluster_unknown,lexical_or_semantic_mismatch,True,
measure_019,Tệp có dung lượng 256MB.,Tệp có dung lượng hai trăm năm mươi sáu mê ga bai.,soe_vinorm,Tệp có dung lượng hai trăm năm mươi sáu mê ga bai .,,,cluster_unknown,formatting_only,False,
measure_020,Ổ cứng có dung lượng 2TB.,Ổ cứng có dung lượng hai tê ra bai.,current_rule,Ổ cứng có dung lượng 2TB.,,,cluster_unknown,lexical_or_semantic_mismatch,True,
measure_020,Ổ cứng có dung lượng 2TB.,Ổ cứng có dung lượng hai tê ra bai.,num2words_vi,Ổ cứng có dung lượng haiTB.,,,cluster_unknown,lexical_or_semantic_mismatch,True,
measure_020,Ổ cứng có dung lượng 2TB.,Ổ cứng có dung lượng hai tê ra bai.,vietnormalizer,ổ cứng có dung lượng 2tb.,,,cluster_unknown,lexical_or_semantic_mismatch,True,
measure_020,Ổ cứng có dung lượng 2TB.,Ổ cứng có dung lượng hai tê ra bai.,soe_vinorm,Ổ cứng có dung lượng hai tê ra bai .,,,cluster_unknown,formatting_only,False,
fraction_range_001,Tôi đã ăn 1/2 chiếc bánh.,Tôi đã ăn một nửa chiếc bánh.,current_rule,Tôi đã ăn một phần hai chiếc bánh.,,,cluster_unknown,lexical_or_semantic_mismatch,True,
fraction_range_001,Tôi đã ăn 1/2 chiếc bánh.,Tôi đã ăn một nửa chiếc bánh.,num2words_vi,Tôi đã ăn một/hai chiếc bánh.,,,cluster_unknown,lexical_or_semantic_mismatch,True,
fraction_range_001,Tôi đã ăn 1/2 chiếc bánh.,Tôi đã ăn một nửa chiếc bánh.,vietnormalizer,tôi đã ăn một tháng hai chiếc bánh.,,,cluster_unknown,lexical_or_semantic_mismatch,True,
fraction_range_001,Tôi đã ăn 1/2 chiếc bánh.,Tôi đã ăn một nửa chiếc bánh.,soe_vinorm,Tôi đã ăn một trên hai chiếc bánh .,,,cluster_unknown,lexical_or_semantic_mismatch,True,
fraction_range_002,Bể đang đầy 3/4.,Bể đang đầy ba phần tư.,current_rule,Bể đang đầy ba phần bốn.,,,cluster_unknown,lexical_or_semantic_mismatch,True,
fraction_range_002,Bể đang đầy 3/4.,Bể đang đầy ba phần tư.,num2words_vi,Bể đang đầy ba/bốn.,,,cluster_unknown,lexical_or_semantic_mismatch,True,
fraction_range_002,Bể đang đầy 3/4.,Bể đang đầy ba phần tư.,vietnormalizer,bể đang đầy ba tháng bốn.,,,cluster_unknown,lexical_or_semantic_mismatch,True,
fraction_range_002,Bể đang đầy 3/4.,Bể đang đầy ba phần tư.,soe_vinorm,Bể đang đầy ba trên bốn .,,,cluster_unknown,lexical_or_semantic_mismatch,True,
fraction_range_003,Có 2/3 số người đồng ý.,Có hai phần ba số người đồng ý.,current_rule,Có hai phần ba số người đồng ý.,,,cluster_unknown,exact,False,
fraction_range_003,Có 2/3 số người đồng ý.,Có hai phần ba số người đồng ý.,num2words_vi,Có hai/ba số người đồng ý.,,,cluster_unknown,lexical_or_semantic_mismatch,True,
fraction_range_003,Có 2/3 số người đồng ý.,Có hai phần ba số người đồng ý.,vietnormalizer,có hai tháng ba số người đồng ý.,,,cluster_unknown,lexical_or_semantic_mismatch,True,
fraction_range_003,Có 2/3 số người đồng ý.,Có hai phần ba số người đồng ý.,soe_vinorm,Có hai trên ba số người đồng ý .,,,cluster_unknown,lexical_or_semantic_mismatch,True,
fraction_range_004,Bài toán yêu cầu tính 5/8.,Bài toán yêu cầu tính năm phần tám.,current_rule,Bài toán yêu cầu tính năm phần tám.,,,cluster_unknown,exact,False,
fraction_range_004,Bài toán yêu cầu tính 5/8.,Bài toán yêu cầu tính năm phần tám.,num2words_vi,Bài toán yêu cầu tính năm/tám.,,,cluster_unknown,lexical_or_semantic_mismatch,True,
fraction_range_004,Bài toán yêu cầu tính 5/8.,Bài toán yêu cầu tính năm phần tám.,vietnormalizer,bài toán yêu cầu tính năm tháng tám.,,,cluster_unknown,lexical_or_semantic_mismatch,True,
fraction_range_004,Bài toán yêu cầu tính 5/8.,Bài toán yêu cầu tính năm phần tám.,soe_vinorm,Bài toán yêu cầu tính năm tháng tám .,,,cluster_unknown,lexical_or_semantic_mismatch,True,
fraction_range_005,Tôi đợi khoảng 3/4 giờ.,Tôi đợi khoảng ba phần tư giờ.,current_rule,Tôi đợi khoảng ba phần bốn giờ.,,,cluster_unknown,lexical_or_semantic_mismatch,True,
fraction_range_005,Tôi đợi khoảng 3/4 giờ.,Tôi đợi khoảng ba phần tư giờ.,num2words_vi,Tôi đợi khoảng ba/bốn giờ.,,,cluster_unknown,lexical_or_semantic_mismatch,True,
fraction_range_005,Tôi đợi khoảng 3/4 giờ.,Tôi đợi khoảng ba phần tư giờ.,vietnormalizer,tôi đợi khoảng ba tháng bốn giờ.,,,cluster_unknown,lexical_or_semantic_mismatch,True,
fraction_range_005,Tôi đợi khoảng 3/4 giờ.,Tôi đợi khoảng ba phần tư giờ.,soe_vinorm,Tôi đợi khoảng ba trên bốn giờ .,,,cluster_unknown,lexical_or_semantic_mismatch,True,
fraction_range_006,Mỗi ngày dùng từ 2-3 lần.,Mỗi ngày dùng từ hai đến ba lần.,current_rule,Mỗi ngày dùng từ 2-3 lần.,,,cluster_unknown,lexical_or_semantic_mismatch,True,
fraction_range_006,Mỗi ngày dùng từ 2-3 lần.,Mỗi ngày dùng từ hai đến ba lần.,num2words_vi,Mỗi ngày dùng từ hai-ba lần.,,,cluster_unknown,lexical_or_semantic_mismatch,True,
fraction_range_006,Mỗi ngày dùng từ 2-3 lần.,Mỗi ngày dùng từ hai đến ba lần.,vietnormalizer,mỗi ngày dùng từ hai tháng ba lần.,,,cluster_unknown,lexical_or_semantic_mismatch,True,
fraction_range_006,Mỗi ngày dùng từ 2-3 lần.,Mỗi ngày dùng từ hai đến ba lần.,soe_vinorm,Mỗi ngày dùng từ hai đến ba lần .,,,cluster_unknown,formatting_only,False,
fraction_range_007,Vui lòng đọc các trang 12–15.,Vui lòng đọc các trang mười hai đến mười lăm.,current_rule,Vui lòng đọc các trang 12–15.,,,cluster_unknown,lexical_or_semantic_mismatch,True,
fraction_range_007,Vui lòng đọc các trang 12–15.,Vui lòng đọc các trang mười hai đến mười lăm.,num2words_vi,Vui lòng đọc các trang mười hai–mười lăm.,,,cluster_unknown,lexical_or_semantic_mismatch,True,
fraction_range_007,Vui lòng đọc các trang 12–15.,Vui lòng đọc các trang mười hai đến mười lăm.,vietnormalizer,vui lòng đọc các trang mười hai-mười lăm.,,,cluster_unknown,lexical_or_semantic_mismatch,True,
fraction_range_007,Vui lòng đọc các trang 12–15.,Vui lòng đọc các trang mười hai đến mười lăm.,soe_vinorm,Vui lòng đọc các trang mười hai mười lăm .,,,cluster_unknown,lexical_or_semantic_mismatch,True,
fraction_range_008,Dữ liệu được thu thập trong giai đoạn 2020–2025.,Dữ liệu được thu thập trong giai đoạn hai nghìn không trăm hai mươi đến hai nghìn không trăm hai mươi lăm.,current_rule,Dữ liệu được thu thập trong giai đoạn 2020–2025.,,,cluster_unknown,lexical_or_semantic_mismatch,True,
fraction_range_008,Dữ liệu được thu thập trong giai đoạn 2020–2025.,Dữ liệu được thu thập trong giai đoạn hai nghìn không trăm hai mươi đến hai nghìn không trăm hai mươi lăm.,num2words_vi,Dữ liệu được thu thập trong giai đoạn hai nghìn lẻ hai mươi–hai nghìn lẻ hai mươi lăm.,,,cluster_unknown,lexical_or_semantic_mismatch,True,
fraction_range_008,Dữ liệu được thu thập trong giai đoạn 2020–2025.,Dữ liệu được thu thập trong giai đoạn hai nghìn không trăm hai mươi đến hai nghìn không trăm hai mươi lăm.,vietnormalizer,dữ liệu được thu thập trong giai đoạn hai nghìn không trăm hai mươi đến hai nghìn không trăm hai mươi lăm.,,,cluster_unknown,lexical_or_semantic_mismatch,True,
fraction_range_008,Dữ liệu được thu thập trong giai đoạn 2020–2025.,Dữ liệu được thu thập trong giai đoạn hai nghìn không trăm hai mươi đến hai nghìn không trăm hai mươi lăm.,soe_vinorm,Dữ liệu được thu thập trong giai đoạn hai nghìn không trăm hai mươi hai nghìn không trăm hai mươi lăm .,,,cluster_unknown,lexical_or_semantic_mismatch,True,
fraction_range_009,Nhiệt độ dao động từ -5–3°C.,Nhiệt độ dao động từ âm năm đến ba độ xê.,current_rule,Nhiệt độ dao động từ âm năm–3°C.,,,cluster_unknown,lexical_or_semantic_mismatch,True,
fraction_range_009,Nhiệt độ dao động từ -5–3°C.,Nhiệt độ dao động từ âm năm đến ba độ xê.,num2words_vi,Nhiệt độ dao động từ -năm–ba°C.,,,cluster_unknown,lexical_or_semantic_mismatch,True,
fraction_range_009,Nhiệt độ dao động từ -5–3°C.,Nhiệt độ dao động từ âm năm đến ba độ xê.,vietnormalizer,nhiệt độ đao động từ -năm tháng ba°c.,,,cluster_unknown,lexical_or_semantic_mismatch,True,
fraction_range_009,Nhiệt độ dao động từ -5–3°C.,Nhiệt độ dao động từ âm năm đến ba độ xê.,soe_vinorm,Nhiệt độ dao động từ năm – ba độ xê .,,,cluster_unknown,lexical_or_semantic_mismatch,True,
fraction_range_010,"Khoảng tin cậy nằm trong đoạn [0,1].",Khoảng tin cậy nằm trong đoạn từ không đến một.,current_rule,"Khoảng tin cậy nằm trong đoạn [0,1].",,,cluster_unknown,lexical_or_semantic_mismatch,True,
fraction_range_010,"Khoảng tin cậy nằm trong đoạn [0,1].",Khoảng tin cậy nằm trong đoạn từ không đến một.,num2words_vi,"Khoảng tin cậy nằm trong đoạn [không,một].",,,cluster_unknown,lexical_or_semantic_mismatch,True,
fraction_range_010,"Khoảng tin cậy nằm trong đoạn [0,1].",Khoảng tin cậy nằm trong đoạn từ không đến một.,vietnormalizer,khoảng tin cậy nằm trong đoạn [không phẩy một].,,,cluster_unknown,lexical_or_semantic_mismatch,True,
fraction_range_010,"Khoảng tin cậy nằm trong đoạn [0,1].",Khoảng tin cậy nằm trong đoạn từ không đến một.,soe_vinorm,Khoảng tin cậy nằm trong đoạn [ không phẩy một ] .,,,cluster_unknown,lexical_or_semantic_mismatch,True,
version_ordinal_sport_001,Ứng dụng đang chạy phiên bản 3.12.1.,Ứng dụng đang chạy phiên bản ba chấm mười hai chấm một.,current_rule,Ứng dụng đang chạy phiên bản 3.12.một.,,,cluster_unknown,lexical_or_semantic_mismatch,True,
version_ordinal_sport_001,Ứng dụng đang chạy phiên bản 3.12.1.,Ứng dụng đang chạy phiên bản ba chấm mười hai chấm một.,num2words_vi,Ứng dụng đang chạy phiên bản ba.mười hai.một.,,,cluster_unknown,lexical_or_semantic_mismatch,True,
version_ordinal_sport_001,Ứng dụng đang chạy phiên bản 3.12.1.,Ứng dụng đang chạy phiên bản ba chấm mười hai chấm một.,vietnormalizer,ứng dụng đang chạy phiên bản ba.mười hai.một.,,,cluster_unknown,lexical_or_semantic_mismatch,True,
version_ordinal_sport_001,Ứng dụng đang chạy phiên bản 3.12.1.,Ứng dụng đang chạy phiên bản ba chấm mười hai chấm một.,soe_vinorm,Ứng dụng đang chạy phiên bản ba . mười hai . một .,,,cluster_unknown,lexical_or_semantic_mismatch,True,
version_ordinal_sport_002,Dự án sử dụng Python 3.12.,Dự án sử dụng Python ba chấm mười hai.,current_rule,Dự án sử dụng Python 3.12.,,,cluster_unknown,lexical_or_semantic_mismatch,True,
version_ordinal_sport_002,Dự án sử dụng Python 3.12.,Dự án sử dụng Python ba chấm mười hai.,num2words_vi,Dự án sử dụng Python ba.mười hai.,,,cluster_unknown,lexical_or_semantic_mismatch,True,
version_ordinal_sport_002,Dự án sử dụng Python 3.12.,Dự án sử dụng Python ba chấm mười hai.,vietnormalizer,dự án sử dụng pai-thần ba.mười hai.,,,cluster_unknown,lexical_or_semantic_mismatch,True,
version_ordinal_sport_002,Dự án sử dụng Python 3.12.,Dự án sử dụng Python ba chấm mười hai.,soe_vinorm,Dự án sử dụng Python ba tháng mười hai .,,,cluster_unknown,lexical_or_semantic_mismatch,True,
version_ordinal_sport_003,Trang web trả về lỗi 404.,Trang web trả về lỗi bốn không bốn.,current_rule,Trang web trả về lỗi bốn trăm linh bốn.,,,cluster_unknown,lexical_or_semantic_mismatch,True,
version_ordinal_sport_003,Trang web trả về lỗi 404.,Trang web trả về lỗi bốn không bốn.,num2words_vi,Trang web trả về lỗi bốn trăm lẻ bốn.,,,cluster_unknown,lexical_or_semantic_mismatch,True,
version_ordinal_sport_003,Trang web trả về lỗi 404.,Trang web trả về lỗi bốn không bốn.,vietnormalizer,trang oét trả về lỗi bốn trăm lẻ bốn.,,,cluster_unknown,lexical_or_semantic_mismatch,True,
version_ordinal_sport_003,Trang web trả về lỗi 404.,Trang web trả về lỗi bốn không bốn.,soe_vinorm,Trang web trả về lỗi bốn trăm linh tư .,,,cluster_unknown,lexical_or_semantic_mismatch,True,
version_ordinal_sport_004,Đội chủ nhà thắng 3-1.,Đội chủ nhà thắng ba một.,current_rule,Đội chủ nhà thắng 3-1.,,,cluster_unknown,lexical_or_semantic_mismatch,True,
version_ordinal_sport_004,Đội chủ nhà thắng 3-1.,Đội chủ nhà thắng ba một.,num2words_vi,Đội chủ nhà thắng ba-một.,,,cluster_unknown,lexical_or_semantic_mismatch,True,
version_ordinal_sport_004,Đội chủ nhà thắng 3-1.,Đội chủ nhà thắng ba một.,vietnormalizer,đội chủ nhà thắng ba tháng một.,,,cluster_unknown,lexical_or_semantic_mismatch,True,
version_ordinal_sport_004,Đội chủ nhà thắng 3-1.,Đội chủ nhà thắng ba một.,soe_vinorm,Đội chủ nhà thắng ba một .,,,cluster_unknown,formatting_only,False,
version_ordinal_sport_005,Sự kiện này xảy ra vào thế kỷ XXI.,Sự kiện này xảy ra vào thế kỷ hai mươi mốt.,current_rule,Sự kiện này xảy ra vào thế kỷ XXI.,,,cluster_unknown,lexical_or_semantic_mismatch,True,
version_ordinal_sport_005,Sự kiện này xảy ra vào thế kỷ XXI.,Sự kiện này xảy ra vào thế kỷ hai mươi mốt.,num2words_vi,Sự kiện này xảy ra vào thế kỷ XXI.,,,cluster_unknown,unsupported,True,
version_ordinal_sport_005,Sự kiện này xảy ra vào thế kỷ XXI.,Sự kiện này xảy ra vào thế kỷ hai mươi mốt.,vietnormalizer,sự kiện này xảy ra vào thế kỷ hai mươi mốt.,,,cluster_unknown,lexical_or_semantic_mismatch,True,
version_ordinal_sport_005,Sự kiện này xảy ra vào thế kỷ XXI.,Sự kiện này xảy ra vào thế kỷ hai mươi mốt.,soe_vinorm,Sự kiện này xảy ra vào thế kỷ hai mươi mốt .,,,cluster_unknown,formatting_only,False,
